Rate,Method,MAE,RMSE,PSNR,SSIM,IoU,Time
0.1,K-Means,33.42935775625275,40.83008354407202,25.31766239854605,0.9148145795241299,0.8343926159343941,0.3617277145385742
0.1,Spectral,32.05175271687455,38.26330681692032,25.88161776558271,0.9168577227744293,0.9521379618593564,1.0406029224395752
0.1,DBSCAN,37.607100271078025,47.57048987227398,23.99051529499724,0.9142713584910975,0.9393142264273943,9.293460607528687
0.1,DBSCANR,14.185664372487704,20.885520786351425,31.140361589740372,0.9403499395533488,0.9693303427170256,10.214263677597046
0.1,AR-DBSCAN,37.272811954293395,47.93670710409515,23.92390381126246,0.9145440114524889,0.9553309209758375,11.81125807762146
0.1,GB-DBSCAN,31.726355683423858,37.99350849261602,25.9430797670597,0.9191112171804423,0.9522359710622609,44.33493113517761
0.1,HDBSCAN,13.715652186129631,19.738835606196947,31.63083716836864,0.9467630683020327,0.9895574583321157,7.822882652282715
0.1,KNN-DBSCAN,37.607100271078025,47.57048987227398,23.99051529499724,0.9142713584910975,0.9393142264273943,9.10537838935852
0.1,K-Means,35.694176551923796,43.11979862452396,25.378425911148778,0.9072765710723768,0.9825170629795104,0.4470179080963135
0.1,Spectral,57.12247315338527,67.53032612194099,21.481983449519902,0.8970167488140721,0.8834150018846588,0.8852696418762207
0.1,DBSCAN,60.754261728138424,70.73763802904922,21.078949303000027,0.895348918225059,0.8655312705808492,8.01074481010437
0.1,DBSCANR,17.480476583865535,24.33775318090626,30.346350741850628,0.93372303876224,0.9840012437195695,10.104842185974121
0.1,AR-DBSCAN,60.7383138955793,70.72354215761135,21.080680310530227,0.8953543656291325,0.8655312705808492,8.65461277961731
0.1,GB-DBSCAN,60.63958226845142,70.72892645413799,21.080019065012337,0.896047792599087,0.8667916176008188,44.46086049079895
0.1,HDBSCAN,13.575707193377099,19.99476648293337,32.05363366223575,0.9479865732572937,0.9884295068766026,7.178199052810669
0.1,KNN-DBSCAN,60.754261728138424,70.73763802904922,21.078949303000027,0.895348918225059,0.8655312705808492,7.966553211212158
0.1,K-Means,23.815546693866654,29.595184939096175,28.598236507631484,0.928575472995805,0.9777527956925626,0.36605381965637207
0.1,Spectral,25.33890102954791,30.73139038704708,28.27101348009559,0.924526854405043,0.970134558582212,0.8872449398040771
0.1,DBSCAN,53.432458809290864,62.35393214855347,22.125380750696767,0.9070549941441829,0.8919579499245269,8.974961519241333
0.1,DBSCANR,13.332682756791458,19.399852489697157,32.26668911761067,0.9472057758550803,0.9790508334073482,10.095157384872437
0.1,AR-DBSCAN,53.43517428276767,62.35419577098826,22.125344028224653,0.9070539975247582,0.8919579499245269,7.992769956588745
0.1,GB-DBSCAN,53.429092614976845,62.35365497529685,22.12541936095895,0.9070614054764556,0.8919579499245269,48.65579700469971
0.1,HDBSCAN,11.442936055221265,16.529661622897688,33.65737840648317,0.9538047403621293,0.9825013508458373,7.110663414001465
0.1,KNN-DBSCAN,53.432458809290864,62.35393214855347,22.125380750696767,0.9070549941441829,0.8919579499245269,8.970179080963135
0.1,K-Means,35.87191905956219,42.0911429339966,25.59573035306613,0.9172788618675569,0.9297541910932839,0.34096860885620117
0.1,Spectral,41.95198935531189,49.86839475071603,24.123036953461735,0.916791900507758,0.8705567638347973,1.0692825317382812
0.1,DBSCAN,48.94431210223286,57.89096119122241,22.827329517540612,0.9115011314147924,0.8477409045138129,8.44515872001648
0.1,DBSCANR,15.369621661738305,22.772020146031608,30.93151353898246,0.9433175357110096,0.9729617252033546,10.136361837387085
0.1,AR-DBSCAN,47.8814445665828,56.742851516261695,23.001321591146837,0.9114138108952562,0.8656771467849917,3.135843515396118
0.1,GB-DBSCAN,38.82299470790006,45.74331988443709,24.872991107345847,0.9184228369793992,0.8657158505370696,46.76093864440918
0.1,HDBSCAN,13.313623193762929,19.18197224387196,32.42167956132218,0.9485365465256146,0.9702825521079534,6.99678111076355
0.1,KNN-DBSCAN,48.94431210223286,57.89096119122241,22.827329517540612,0.9115011314147924,0.8477409045138129,8.462841272354126
0.1,K-Means,32.48788282265666,40.55223908185037,25.926890258674046,0.9262233983018991,0.952155272240455,0.37012743949890137
0.1,Spectral,32.544877582534156,40.91289407698218,25.84998300204669,0.926848963813933,0.9187377812902957,0.9168050289154053
0.1,DBSCAN,44.20391127982211,52.532056553650264,23.678698969434787,0.9164427922862547,0.9125049053018568,8.69471788406372
0.1,DBSCANR,13.432808242068605,20.92045064069901,31.675766326231045,0.9507258573216512,0.9847697424045995,10.098695755004883
0.1,AR-DBSCAN,39.855537595627005,50.19159903509646,24.074566393596918,0.9218618972607152,0.9330133941534546,6.5738232135772705
0.1,GB-DBSCAN,35.5113788036669,41.57653676597786,25.710220817558476,0.9251206133205794,0.9234141498589195,45.73984909057617
0.1,HDBSCAN,11.911950546177602,19.548835878026644,32.264769021818566,0.956611714159337,0.9806013687245874,7.218422174453735
0.1,KNN-DBSCAN,44.20391127982211,52.532056553650264,23.678698969434787,0.9164427922862547,0.9125049053018568,8.700175523757935
0.1,K-Means,26.35101460484554,32.94877120504391,27.564471931867214,0.9286618692480139,0.9562014878964461,0.4303152561187744
0.1,Spectral,30.070115747750794,34.9331189428726,27.05650913207139,0.9238799312068819,0.988239204473018,0.899120569229126
0.1,DBSCAN,39.17991960332905,46.73543718099725,24.528330192022366,0.9161086010089882,0.9851636357034905,9.183388233184814
0.1,DBSCANR,14.764554465777282,21.786508889907054,31.157503510459193,0.9422350364171448,0.9949411175489462,10.413153648376465
0.1,AR-DBSCAN,38.8879341577793,46.42756557684044,24.585738142213607,0.9163036201166496,0.9851636357034905,7.250017881393433
0.1,GB-DBSCAN,30.532495174440278,35.56920863184631,26.899772327787478,0.9248131120484417,0.9910097071420092,44.29981064796448
0.1,HDBSCAN,13.953024667437335,19.933723343588547,31.929487854521625,0.9469920283684107,0.9924796457977605,6.725955009460449
0.1,KNN-DBSCAN,39.17991960332905,46.73543718099725,24.528330192022366,0.9161086010089882,0.9851636357034905,9.153919219970703
0.1,K-Means,30.35109340194286,38.89487990102609,26.30379566489715,0.9227428554147294,0.9718473163105784,0.38187146186828613
0.1,Spectral,37.30025871972367,48.525312185353684,24.382277599633888,0.9173504484079796,0.9374200808142806,0.886474609375
0.1,DBSCAN,50.281248880506226,58.13498040087173,22.81289375354365,0.9021156031880684,0.8756805070285204,8.220746040344238
0.1,DBSCANR,19.146903324043933,27.190841309266926,29.413191456088082,0.9354049593974518,0.9775336733359488,10.207335472106934
0.1,AR-DBSCAN,50.08037247546512,57.96326531190622,22.83858749922231,0.9023082353969542,0.8756805070285204,4.436553955078125
0.1,GB-DBSCAN,50.16314807120098,58.03117112842361,22.82841765808967,0.9022262477234819,0.8756805070285204,44.322099447250366
0.1,HDBSCAN,16.66250212178678,24.626729166688463,30.273509676427533,0.9441371622053142,0.9871778805247571,6.771026372909546
0.1,KNN-DBSCAN,50.281248880506226,58.13498040087173,22.81289375354365,0.9021156031880684,0.8756805070285204,8.140970706939697
0.1,K-Means,28.00493878995601,33.98454960028292,26.808554848500144,0.9214133959600282,0.9863768955458552,0.3580951690673828
0.1,Spectral,35.69140135568074,45.16264941521823,24.338596991904016,0.9166926566158252,0.9364375920043387,0.9906225204467773
0.1,DBSCAN,59.63589642282465,69.81632077342674,20.55504605282286,0.9003681982488615,0.9436012924703809,9.261783599853516
0.1,DBSCANR,13.343189634978632,20.000012042853033,31.413580076276357,0.9464836519180712,0.9881621827228522,10.16231656074524
0.1,AR-DBSCAN,58.066391316992394,74.43770946168353,19.998325201737867,0.9042531973152025,0.9515957026621376,7.593591213226318
0.1,GB-DBSCAN,58.649939010231996,69.05510493508112,20.650269428694635,0.9009871224586443,0.9447020419366539,44.07034087181091
0.1,HDBSCAN,10.650555756464588,17.33626707849492,32.65507343963925,0.9575361219831177,0.9906869529871213,6.759511470794678
0.1,KNN-DBSCAN,59.63589642282465,69.81632077342674,20.55504605282286,0.9003681982488615,0.9436012924703809,9.291702270507812
0.1,K-Means,28.69122752300789,36.542736723595105,26.75443260772012,0.9212504969450959,0.9655751815866428,0.35981011390686035
0.1,Spectral,28.249543257309327,36.29524258055458,26.813459920292047,0.9217525224687704,0.9538796748731442,0.9048726558685303
0.1,DBSCAN,42.39871804100977,53.625648521716826,23.423002840440247,0.9098692049399492,0.9125047141856582,8.261841535568237
0.1,DBSCANR,16.471330481031057,23.831181939934254,30.46754234158517,0.9374200383611059,0.9821868731138264,10.275593280792236
0.1,AR-DBSCAN,40.97061935598381,54.83967959238565,23.228555813614395,0.9129335928642678,0.9251702909831812,5.654439210891724
0.1,GB-DBSCAN,36.69036261308604,47.3836981099461,24.497874934256487,0.914118291166505,0.91875,46.473870038986206
0.1,HDBSCAN,14.729950434675523,21.416409578255102,31.39552070921195,0.9465269399385051,0.985923347402159,7.114769697189331
0.1,KNN-DBSCAN,42.39871804100977,53.625648521716826,23.423002840440247,0.9098692049399492,0.9125047141856582,8.324981689453125
0.1,K-Means,24.653563093952243,29.654982894564004,28.652127560615526,0.9325655882209215,0.9511175112934724,0.38048291206359863
0.1,Spectral,28.81478324925714,34.65609931409801,27.29848752773073,0.9297274683668199,0.930684027960267,0.8968667984008789
0.1,DBSCAN,37.44509366060164,42.75152137465982,25.475049631136617,0.9213748426894686,0.9252004652016894,7.9663636684417725
0.1,DBSCANR,12.97352228869333,17.82452457727972,33.07372201774572,0.9481732014676918,0.9834261416742361,9.897645711898804
0.1,AR-DBSCAN,37.33066098884432,42.66590483040667,25.492461911900794,0.9215121451120059,0.9252004652016894,8.736406326293945
0.1,GB-DBSCAN,37.03287853979663,42.458235349532124,25.53484231696117,0.9214067645366003,0.9252004652016894,46.956000328063965
0.1,HDBSCAN,10.775955373135044,15.911353252908398,34.05993876278761,0.9561319858202039,0.9868536603080905,7.400085210800171
0.1,KNN-DBSCAN,37.44509366060164,42.75152137465982,25.475049631136617,0.9213748426894686,0.9252004652016894,7.892427444458008
0.1,K-Means,26.02708929955704,33.66555466394287,27.56253904829216,0.9206465802229168,0.9734221667924776,0.3573617935180664
0.1,Spectral,29.52546824455697,38.162389737091125,26.473543281798424,0.9168918427830126,0.960810632107908,0.8889603614807129
0.1,DBSCAN,44.81377544238543,53.80057069797609,23.490516881005576,0.9053850887745319,0.8801688110926286,8.235595226287842
0.1,DBSCANR,17.274417362067595,25.47636688238643,29.983504642031757,0.9375124748538256,0.9786519469291391,9.996803522109985
0.1,AR-DBSCAN,44.907684643250015,53.852175897234744,23.482189418604076,0.9053165031364766,0.8801688110926286,11.106396913528442
0.1,GB-DBSCAN,44.81377544238543,53.80057069797609,23.490516881005576,0.9053850887745319,0.8801688110926286,46.02455425262451
0.1,HDBSCAN,15.911249523449843,24.491906232926993,30.325802770279676,0.9423578183132061,0.9742263972213451,6.9228904247283936
0.1,KNN-DBSCAN,44.81377544238543,53.80057069797609,23.490516881005576,0.9053850887745319,0.8801688110926286,8.215604543685913
0.1,K-Means,30.84267766523302,36.2800057096614,26.9335486161847,0.9207374748706069,0.9748625950277379,0.4357945919036865
0.1,Spectral,30.43855642043388,40.95738589808615,25.880250950083273,0.9298581691852823,0.9360858647019082,0.8866007328033447
0.1,DBSCAN,42.53102622338362,53.91530812666514,23.49265371988992,0.9147819569809176,0.8919849663490954,9.08031439781189
0.1,DBSCANR,16.84894555600786,24.022964044968635,30.514363725246003,0.9398205312330244,0.9747226921139964,10.463008165359497
0.1,AR-DBSCAN,43.31596574018253,55.278363204190136,23.275792049518515,0.9135513890441889,0.9044917928173858,6.54931116104126
0.1,GB-DBSCAN,38.04579167954895,48.7289038679925,24.371162705774637,0.9186196160164127,0.9044062909877228,45.27307105064392
0.1,HDBSCAN,42.53102622338362,53.91530812666514,23.49265371988992,0.9147819569809176,0.8919849663490954,6.431960105895996
0.1,KNN-DBSCAN,42.53102622338362,53.91530812666514,23.49265371988992,0.9147819569809176,0.8919849663490954,9.076554298400879
0.1,K-Means,27.067842468407083,33.815422181799434,27.39301016574283,0.9240660197605194,0.9629417069771256,0.34084367752075195
0.1,Spectral,26.478234242958436,33.02365700627859,27.59880314561152,0.9250880249797016,0.9530603057452461,0.8895368576049805
0.1,DBSCAN,40.95043934586218,47.74762894420074,24.396270239555268,0.9101785148472455,0.8776817944468409,7.989414215087891
0.1,DBSCANR,17.004148017554705,23.899333886148096,30.40759051175,0.9380352620859733,0.9721909272024798,10.139545440673828
0.1,AR-DBSCAN,40.94542108943688,47.74007089327426,24.39764525217941,0.9101804679005656,0.8776817944468409,4.54857873916626
0.1,GB-DBSCAN,40.95711210972753,47.72524125967163,24.40034379385861,0.9102463513098091,0.8779110036220776,45.374799728393555
0.1,HDBSCAN,15.16386679283607,21.63763680700094,31.271109908415728,0.9416653389655715,0.967143223490191,6.831709384918213
0.1,KNN-DBSCAN,40.95043934586218,47.74762894420074,24.396270239555268,0.9101785148472455,0.8776817944468409,7.97262978553772
0.1,K-Means,32.10454578701204,39.967937601183024,25.664659023543962,0.9222094003457745,0.9748096645228577,0.4710805416107178
0.1,Spectral,35.07803175184671,42.35295629460874,25.161219195294695,0.9209912850326674,0.8696817277288764,0.9283390045166016
0.1,DBSCAN,48.93493253532568,57.49627784909979,22.506099185449084,0.9089421226146885,0.8408013927001269,8.901106119155884
0.1,DBSCANR,14.420074615090329,20.224592182412074,31.581298335488516,0.9436690619063952,0.9739315493842235,10.181779146194458
0.1,AR-DBSCAN,48.868947726523615,57.43186766080427,22.515835005046515,0.9089769896928191,0.8408013927001269,5.067198038101196
0.1,GB-DBSCAN,35.1534802355741,41.918795340438606,25.250717928255323,0.9207318183866193,0.8701477952852082,47.67704701423645
0.1,HDBSCAN,11.955286516262682,17.536949971152353,32.81981253605163,0.9515807263157804,0.9874545847600052,6.897209644317627
0.1,KNN-DBSCAN,48.93493253532568,57.49627784909979,22.506099185449084,0.9089421226146885,0.8408013927001269,8.889983177185059
0.1,K-Means,25.661539169560562,32.015810068365404,27.900409467931823,0.929684064218179,0.9735410873861112,0.3717985153198242
0.1,Spectral,34.762571244754476,42.16478372137804,25.508701825205907,0.9212675039900177,0.9517704695100335,0.9171147346496582
0.1,DBSCAN,41.391533333077106,47.325420572870094,24.5058097224063,0.9127554074979969,0.919482233834808,8.115820407867432
0.1,DBSCANR,15.511375980108411,22.182488977693016,31.0874938776034,0.9418430441088261,0.9850258804664379,10.273493766784668
0.1,AR-DBSCAN,41.3883802467094,47.32205594114743,24.506427273362853,0.9127576690233653,0.919482233834808,5.874408721923828
0.1,GB-DBSCAN,41.31130985693017,47.24006807761326,24.521489069407615,0.9128130617169846,0.919482233834808,44.39244890213013
0.1,HDBSCAN,13.931965561294659,18.833975467137066,32.508859357905365,0.9448926794294349,0.981639204444497,6.90893292427063
0.1,KNN-DBSCAN,41.391533333077106,47.325420572870094,24.5058097224063,0.9127554074979969,0.919482233834808,8.054342031478882
0.1,K-Means,22.245992939682534,29.64711039312411,28.542886965315873,0.9359505511609824,0.981937734174719,0.3698251247406006
0.1,Spectral,24.635905505710877,32.79728720426091,27.66577591629972,0.9314456935973565,0.9758894370729017,0.8360018730163574
0.1,DBSCAN,44.81693586056543,51.50822527763224,23.745002645974438,0.9099167041729147,0.9121940722787863,9.152757406234741
0.1,DBSCANR,12.552079238394622,18.098960021909818,32.82946196050574,0.9486174772264699,0.9829405936328781,10.008316040039062
0.1,AR-DBSCAN,43.443370575160166,50.3490317071091,23.94271191955812,0.9110067858040382,0.9121940722787863,3.182253360748291
0.1,GB-DBSCAN,43.496235783825114,50.27239357209756,23.955943107839353,0.9111912390032265,0.9127109136854511,47.85139799118042
0.1,HDBSCAN,14.349232574405084,20.369625996181952,31.802873274245968,0.9471828604425423,0.9852660400640927,7.530154466629028
0.1,KNN-DBSCAN,44.81693586056543,51.50822527763224,23.745002645974438,0.9099167041729147,0.9121940722787863,9.099532842636108
0.1,K-Means,23.73576618224884,31.92036792775577,27.940229289209274,0.9272881676146318,0.9788018372182292,0.37359046936035156
0.1,Spectral,31.003281838394557,40.66440430251011,25.837298767554678,0.9212296982435048,0.9395157823732087,1.0139803886413574
0.1,DBSCAN,45.323040572234646,54.16181664146325,23.347722608776024,0.9083916287827047,0.8642797524823715,8.289350509643555
0.1,DBSCANR,13.826124919702808,19.840276869248736,32.07063249261917,0.9415509578970679,0.9834893695521837,10.101183652877808
0.1,AR-DBSCAN,47.59951386117441,56.55835526410677,22.971651629750596,0.9064773124309726,0.8702105586498281,7.282025575637817
0.1,GB-DBSCAN,41.39469681786372,47.636534407917466,24.462783886131874,0.9103548949212462,0.8711676375704969,46.26014971733093
0.1,HDBSCAN,45.31899534371672,54.16067270336005,23.34790606320322,0.9083903295777586,0.8642996528917056,6.777280330657959
0.1,KNN-DBSCAN,45.323040572234646,54.16181664146325,23.347722608776024,0.9083916287827047,0.8642797524823715,8.289311408996582
0.1,K-Means,30.144888591788913,36.29844746775441,26.730663901857955,0.9176582934852578,0.967458547332092,0.4336516857147217
0.1,Spectral,36.36713677713901,43.067460352820824,25.24543965192169,0.9156664381355132,0.9268732642944276,0.8843202590942383
0.1,DBSCAN,42.844903210869866,51.70725583964151,23.657395105569428,0.9116937135153086,0.8960702849372412,8.327468395233154
0.1,DBSCANR,14.324572310642225,23.88072005680071,30.367476551645534,0.9455781975469236,0.9724081371670037,10.002261877059937
0.1,AR-DBSCAN,46.06135923211825,55.3430680499668,23.067160275093677,0.909615283256386,0.8887852965124591,4.127117395401001
0.1,GB-DBSCAN,42.71941607888658,51.635386364624296,23.669476283593703,0.9119887550529586,0.8960815155066206,44.201669692993164
0.1,HDBSCAN,14.830766314660131,21.825450616166762,31.1491605221933,0.9479135668180375,0.9720087968375926,6.584339141845703
0.1,KNN-DBSCAN,42.844903210869866,51.70725583964151,23.657395105569428,0.9116937135153086,0.8960702849372412,8.428341388702393
0.1,K-Means,31.37360142994973,39.53919568223789,26.16273367853783,0.921497384691519,0.9713518885496819,0.3536252975463867
0.1,Spectral,32.02758138886882,40.01271086503897,26.059330771627046,0.9197254495023122,0.9488813166270306,0.8966972827911377
0.1,DBSCAN,44.78254834650233,54.644711693471386,23.352327509851687,0.9100724000316512,0.9119377001103868,8.663212776184082
0.1,DBSCANR,16.855732301677154,24.144407575306314,30.446959214952308,0.9398777676300045,0.9808823003255853,10.44735074043274
0.1,AR-DBSCAN,43.780430143705146,55.55736102041095,23.20845811842728,0.9138698896841012,0.9286349426495837,11.138380527496338
0.1,GB-DBSCAN,44.44298881814146,54.41646886318272,23.388683157548865,0.9102528749526778,0.9130188544375835,45.594414472579956
0.1,HDBSCAN,14.469372322879273,21.063346166905344,31.632742983940375,0.9484564895685111,0.9782364765533588,6.943284034729004
0.1,KNN-DBSCAN,44.78254834650233,54.644711693471386,23.352327509851687,0.9100724000316512,0.9119377001103868,8.649109363555908
0.1,K-Means,38.54925622996354,48.69696318259616,24.293414475403544,0.919412615171338,0.9567564859007603,0.3596780300140381
0.1,Spectral,40.91570813105771,49.0468564490265,24.231228502106006,0.9168789160124631,0.951348008904279,0.9039204120635986
0.1,DBSCAN,59.5335998887913,68.58087281407109,21.319391891431124,0.908497456624092,0.9082542305314668,8.194684505462646
0.1,DBSCANR,16.423671987302107,24.704697605805162,30.187861204356302,0.9443043373634612,0.9680480860487187,10.040621757507324
0.1,AR-DBSCAN,55.32425184635126,66.65188487173532,21.5672033414171,0.9104213996007762,0.9204426359085454,2.9228954315185547
0.1,GB-DBSCAN,55.24573978017153,64.50665627964922,21.85136143710864,0.911107089477903,0.9125469545578578,46.15989708900452
0.1,HDBSCAN,13.63578679496928,21.118658373296324,31.55012555384024,0.9520948097466534,0.9807372356509803,7.216681480407715
0.1,KNN-DBSCAN,59.5335998887913,68.58087281407109,21.319391891431124,0.908497456624092,0.9082542305314668,8.148569583892822
0.1,K-Means,30.1930390470644,37.14173771368727,26.647831691953026,0.9193569637272053,0.9583443069089632,0.4306962490081787
0.1,Spectral,29.027927857004048,35.681605234321886,26.99618838634357,0.9190847125755065,0.9401160884506563,0.8427560329437256
0.1,DBSCAN,48.063639311428254,57.815584495382154,22.80417765631222,0.9099113435117905,0.8967149445748038,8.263717651367188
0.1,DBSCANR,18.921890741234943,26.054227017720013,29.727512208568726,0.9320214524799271,0.9699570542793251,10.395536184310913
0.1,AR-DBSCAN,45.10972512700455,55.20770842976015,23.205081652635954,0.910367974391237,0.9226190476190477,8.919932842254639
0.1,GB-DBSCAN,48.03203246019997,57.77516265815651,22.81025253064373,0.9099388352718311,0.8967149445748038,45.612332344055176
0.1,HDBSCAN,48.063639311428254,57.815584495382154,22.80417765631222,0.9099113435117905,0.8967149445748038,6.448652505874634
0.1,KNN-DBSCAN,48.063639311428254,57.815584495382154,22.80417765631222,0.9099113435117905,0.8967149445748038,8.133956670761108
0.1,K-Means,36.25179796268725,45.09100875257189,24.92881610846232,0.9118777171115439,0.9060693641618497,0.3711557388305664
0.1,Spectral,42.173607701924404,50.157392221237714,24.003916160792272,0.9065159489373382,0.8163069517767624,0.972759485244751
0.1,DBSCAN,44.08008185963497,53.24813233091486,23.48452754149534,0.907429751905512,0.8071047898938504,7.861365079879761
0.1,DBSCANR,15.937187965468551,21.09964386614667,31.525112632012014,0.9365519185514789,0.9798227684694618,9.976900815963745
0.1,AR-DBSCAN,44.09829392426189,53.27459914255743,23.48021132078734,0.9074381990625384,0.8071047898938504,8.59572148323059
0.1,GB-DBSCAN,37.70520016998157,44.40068298018046,25.062822121557584,0.9117703936890238,0.8204060704353302,46.06620645523071
0.1,HDBSCAN,44.08008185963497,53.24813233091486,23.48452754149534,0.907429751905512,0.8071047898938504,6.423052787780762
0.1,KNN-DBSCAN,44.08008185963497,53.24813233091486,23.48452754149534,0.907429751905512,0.8071047898938504,8.049569129943848
0.1,K-Means,34.506079378825014,44.21642795420333,24.486782745344655,0.9200407638969275,0.964881413188824,0.4930746555328369
0.1,Spectral,32.07704707726813,42.698288712613234,24.79024645546002,0.9259108911701583,0.9875924256086565,0.9721581935882568
0.1,DBSCAN,55.475187825007744,67.2296385158879,20.847240322251462,0.9069473582602627,0.9544062826184204,9.915834188461304
0.1,DBSCANR,11.697737374773512,18.018675308565747,32.28399865492277,0.9531105065085863,0.9953498521824521,10.241772651672363
0.1,AR-DBSCAN,57.65509744927434,76.69549850032145,19.703058352892178,0.9109637947444482,0.9609883290292875,2.9342586994171143
0.1,GB-DBSCAN,49.453448336957564,64.81606514044341,21.164802598536543,0.9142519663883728,0.9626385637004468,44.086905002593994
0.1,HDBSCAN,13.085311146698194,19.603204955096373,31.55191423335095,0.9520353225744687,0.9954870037132247,6.4315314292907715
0.1,KNN-DBSCAN,55.475187825007744,67.2296385158879,20.847240322251462,0.9069473582602627,0.9544062826184204,9.815176725387573
0.1,K-Means,29.688347472346162,35.93896150650602,27.00599544614679,0.9193241472146116,0.968947374202265,0.3512709140777588
0.1,Spectral,30.497075618143786,36.424816024223226,26.88935857951389,0.9191318953211323,0.9749636480916615,0.9234161376953125
0.1,DBSCAN,52.36665670647451,61.66452848680248,22.31659761648992,0.9079999117345582,0.9159588825636499,8.854557037353516
0.1,DBSCANR,11.62234234800283,16.725649056112914,33.649646317190346,0.9510827907074916,0.9823277883527821,10.262370824813843
0.1,AR-DBSCAN,52.422469577121994,61.641090419340685,22.31989966341301,0.9078993078395605,0.9159588825636499,4.314112424850464
0.1,GB-DBSCAN,40.55468711221708,51.32998903665247,23.909882487425712,0.9165163678602343,0.9381590092969355,46.43021202087402
0.1,HDBSCAN,52.36691084980954,61.66441456485291,22.316613663225695,0.9079994531568693,0.9159588825636499,6.8493499755859375
0.1,KNN-DBSCAN,52.36665670647451,61.66452848680248,22.31659761648992,0.9079999117345582,0.9159588825636499,8.850505828857422
0.1,K-Means,29.099773135503682,36.04117637045374,26.989757902212844,0.9131668057680637,0.9780055928801011,0.31275343894958496
0.1,Spectral,40.211663856573125,47.98774174923097,24.503130797377878,0.9040532000424274,0.9557335220818659,0.906702995300293
0.1,DBSCAN,47.858158334584246,57.10518822566665,22.992225709954134,0.9014724458655007,0.927220859925191,8.65351390838623
0.1,DBSCANR,15.664289174317847,23.45783431400286,30.719978767628294,0.9414226178624037,0.9777336375534219,10.706129312515259
0.1,AR-DBSCAN,47.31899320050656,59.369332147853925,22.6544937866111,0.9043194831593431,0.9366104382535473,6.979481220245361
0.1,GB-DBSCAN,47.50578026577185,56.912387187545605,23.02160100809254,0.9024672051144603,0.927220859925191,45.48655462265015
0.1,HDBSCAN,13.225495623714503,20.936640257889817,31.7075972395493,0.9516495349894509,0.9813059703658134,7.017617702484131
0.1,KNN-DBSCAN,47.858158334584246,57.10518822566665,22.992225709954134,0.9014724458655007,0.927220859925191,8.589771747589111
0.1,K-Means,34.528907927950456,42.31255532680945,25.42796635300437,0.9178600785293504,0.8815408951853994,0.34555721282958984
0.1,Spectral,42.21399856914413,48.565819735613985,24.23073696046382,0.9077714474775346,0.8779232159482995,1.0111629962921143
0.1,DBSCAN,43.38026417662164,50.91482705396056,23.820465972903357,0.9105656908325983,0.8673446519318946,7.857248544692993
0.1,DBSCANR,17.42891477859795,23.6292079779786,30.488368133865038,0.9350541394989171,0.9707504277349475,10.29066777229309
0.1,AR-DBSCAN,43.6356435196186,51.39661933308037,23.73866035591238,0.9108866808583346,0.8741057257966061,4.987600326538086
0.1,GB-DBSCAN,41.20286926466861,47.73337381612083,24.38090879947195,0.9121257577842667,0.877007312681439,46.12855648994446
0.1,HDBSCAN,14.78877087364899,21.125738391019244,31.461113482355856,0.9424506007550423,0.9727260917426175,7.009043216705322
0.1,KNN-DBSCAN,43.38026417662164,50.91482705396056,23.820465972903357,0.9105656908325983,0.8673446519318946,7.90556001663208
0.1,K-Means,27.871593843117267,34.279550272489466,26.544961173630877,0.9200297604232692,0.9522677201245917,0.34969449043273926
0.1,Spectral,37.7147722850304,45.847835071624246,24.019286822338014,0.9119914384695609,0.919175075426772,0.9174215793609619
0.1,DBSCAN,45.29489099650015,54.67570550042254,22.48977557354994,0.9088127798892672,0.821595238095238,8.36565089225769
0.1,DBSCANR,13.569280020004808,19.672846898815873,31.36831924304741,0.9413657803504737,0.9657840115730549,10.18319296836853
0.1,AR-DBSCAN,45.33925579488709,54.752189882562696,22.47763360539526,0.9088158171643065,0.821595238095238,3.776979684829712
0.1,GB-DBSCAN,42.72741153392355,51.2473082331688,23.052242305794532,0.9098427689209329,0.8443512233040937,43.967010498046875
0.1,HDBSCAN,12.961353666460097,18.582425056324755,31.863615686620545,0.9487036621204272,0.9834345316583629,6.451389789581299
0.1,KNN-DBSCAN,45.29489099650015,54.67570550042254,22.48977557354994,0.9088127798892672,0.821595238095238,8.505502700805664
0.1,K-Means,28.252118595519708,35.64243643311432,26.99032470100018,0.9193945610095412,0.9722137534475791,0.32582569122314453
0.1,Spectral,41.49370780239548,52.06665288415515,23.698479178376072,0.9087781584932645,0.9304197371739191,0.8852713108062744
0.1,DBSCAN,48.726860960873275,57.02392294241212,22.90853055257193,0.9034006876179214,0.8665122973903248,7.984807968139648
0.1,DBSCANR,19.868267719683693,28.434589703412243,28.9527330558531,0.9326356821367275,0.9637503522118906,10.19674015045166
0.1,AR-DBSCAN,48.874816596021134,57.17024516835422,22.886271282720955,0.903368918766604,0.8716399118665408,10.684576988220215
0.1,GB-DBSCAN,48.72381491416718,57.02179594516794,22.908854543047074,0.9034009151445654,0.8665122973903248,45.008833169937134
0.1,HDBSCAN,15.744464433210991,23.420352960115927,30.637803657795274,0.9419680728590114,0.9704211736979883,6.655200242996216
0.1,KNN-DBSCAN,48.726860960873275,57.02392294241212,22.90853055257193,0.9034006876179214,0.8665122973903248,7.975072383880615
0.1,K-Means,27.332947275073717,34.1129799113714,26.52860621014895,0.9136961966732696,0.9837751205323871,0.3368837833404541
0.1,Spectral,35.53219783789931,43.52144563063711,24.412933126646656,0.9060230396198853,0.945117591602498,0.8873250484466553
0.1,DBSCAN,51.78484125105828,62.29733584799299,21.297609892043987,0.8985760979059789,0.8995827405219928,8.707170963287354
0.1,DBSCANR,14.54588851110628,23.67657443443316,29.700622017021438,0.9411177005765333,0.971137980648653,10.337003231048584
0.1,AR-DBSCAN,55.640762860403946,65.75934126622062,20.827850298648762,0.8946010257830994,0.9003958572522005,4.462290287017822
0.1,GB-DBSCAN,51.662665354009306,62.239029523888675,21.305743136207052,0.8989489101159042,0.9000873278863063,45.040157079696655
0.1,HDBSCAN,14.547446160933614,23.385547828974925,29.808048417599686,0.9469669685276089,0.983861390058194,6.778097629547119
0.1,KNN-DBSCAN,51.78484125105828,62.29733584799299,21.297609892043987,0.8985760979059789,0.8995827405219928,8.585829257965088
0.1,K-Means,32.68820274624223,41.59782092273795,25.662689965630573,0.9174782698001469,0.9535968822253474,0.4179043769836426
0.1,Spectral,41.8428259989049,50.18255244580607,24.03304664183366,0.9091492783253416,0.8772672406000245,0.9267261028289795
0.1,DBSCAN,45.996736990940185,55.97455782302302,23.084288154705106,0.9077284630075887,0.8617884905532324,9.202460289001465
0.1,DBSCANR,15.932923203789901,23.127270221845723,30.761614089485892,0.9403629283571049,0.9684173088322466,10.443304061889648
0.1,AR-DBSCAN,45.96606748744131,55.93382329604418,23.090611463431145,0.9077032865457064,0.8617884905532324,5.8784239292144775
0.1,GB-DBSCAN,41.77075887728474,50.631769455530964,23.955639481415307,0.9110093122001899,0.881998097863837,45.77981615066528
0.1,HDBSCAN,14.349426510102125,20.71482371193757,31.718476750867776,0.9453103808950623,0.973708646325639,7.058209180831909
0.1,KNN-DBSCAN,45.996736990940185,55.97455782302302,23.084288154705106,0.9077284630075887,0.8617884905532324,9.101494073867798
0.2,K-Means,32.50983807166033,40.86692229946617,22.346456643121844,0.8438873419643188,0.8395135161274723,0.37876200675964355
0.2,Spectral,35.09414668748361,41.96785985579821,22.115558824963372,0.8417087362575607,0.9389717939178482,0.9976150989532471
0.2,DBSCAN,43.30742211172135,53.66978714743461,19.97929782709045,0.8334606365634105,0.920765924892559,7.538782835006714
0.2,DBSCANR,12.394051971147288,18.26084300602483,29.343478830392804,0.8968075537502891,0.9450521495802595,10.565427303314209
0.2,AR-DBSCAN,42.44134946651584,54.165455024829505,19.89944736791084,0.8338031603945047,0.927973731115838,3.047288656234741
0.2,GB-DBSCAN,34.22950130588185,41.169431704874754,22.282397842570838,0.846425007090864,0.9412785266248499,38.25281047821045
0.2,HDBSCAN,12.887731089008174,18.8157378800454,29.08347019835428,0.9006515676214352,0.9489610341161329,5.940417528152466
0.2,KNN-DBSCAN,43.30742211172135,53.66978714743461,19.97929782709045,0.8334606365634105,0.920765924892559,7.4255523681640625
0.2,K-Means,34.853937342874886,41.67231106601615,22.67903336318371,0.8207348346153646,0.9702987685369263,0.3473660945892334
0.2,Spectral,53.92792810043191,63.937679640265976,18.960847663212373,0.7990438997669794,0.8229974160206718,0.9595627784729004
0.2,DBSCAN,58.605361848191336,68.65323799620636,18.342764581547804,0.798789950026197,0.7862566396421582,6.819018363952637
0.2,DBSCANR,17.47999658901574,25.354972567990156,26.994722188117855,0.8690311989016788,0.9666673678158502,10.006993770599365
0.2,AR-DBSCAN,58.627099347417044,68.67875053856199,18.339537378152574,0.7987774161011167,0.7862566396421582,6.551386594772339
0.2,GB-DBSCAN,58.55989527867608,68.65894841109477,18.342042139718938,0.7995424511016436,0.7871411051190296,38.33791637420654
0.2,HDBSCAN,13.805080110566374,20.69229099113035,28.759813545024947,0.8978651199860087,0.9720316548581219,6.4043731689453125
0.2,KNN-DBSCAN,58.605361848191336,68.65323799620636,18.342764581547804,0.798789950026197,0.7862566396421582,6.834618806838989
0.2,K-Means,26.867763764733105,33.93913621168291,24.443117151348662,0.8560166908410367,0.9495892805126711,0.3221578598022461
0.2,Spectral,29.411331298892573,37.08563628269245,23.67301815527654,0.8469576586015738,0.9235857022234731,0.9023582935333252
0.2,DBSCAN,46.492158723146034,55.40512887865404,20.18613345971061,0.8306381384536694,0.8181822661312178,7.805927515029907
0.2,DBSCANR,15.735046790330845,22.972089231801878,27.833122957010804,0.8892375288474756,0.9529795889860841,10.13761043548584
0.2,AR-DBSCAN,46.40622820488487,57.46778733083017,19.8686433300824,0.8330507032146557,0.8458442855105243,6.889450311660767
0.2,GB-DBSCAN,46.469599338181986,55.37850275212204,20.19030865414312,0.8307724263304328,0.8181822661312178,39.7099928855896
0.2,HDBSCAN,13.280678366752122,19.743335458641102,29.14872235492321,0.903098856277165,0.9745102933485476,6.2863006591796875
0.2,KNN-DBSCAN,46.492158723146034,55.40512887865404,20.18613345971061,0.8306381384536694,0.8181822661312178,7.687896728515625
0.2,K-Means,30.739367753783988,39.05842652673198,23.20862694295966,0.8520812077896819,0.9039532788743787,0.3273143768310547
0.2,Spectral,36.53342562240339,44.47039787386339,22.08150151553051,0.8424871883167835,0.7635275677487406,0.9890484809875488
0.2,DBSCAN,42.202709401636454,51.26270786501609,20.846890950594464,0.8363048651327583,0.7315409935160305,7.326584100723267
0.2,DBSCANR,14.528134990102483,20.46015931836512,28.824741594236706,0.88868970251303,0.9582333505031597,10.404538869857788
0.2,AR-DBSCAN,40.550544619843144,49.862835695332755,21.087382353741955,0.8380383744720799,0.7759888590550235,6.572528600692749
0.2,GB-DBSCAN,32.94963530825714,40.00498871485519,23.000638772288184,0.847614155645509,0.7784880740584387,39.83921146392822
0.2,HDBSCAN,14.326879256640854,20.444890334125784,28.8312261099273,0.8953118923590567,0.9448448064871012,6.370837926864624
0.2,KNN-DBSCAN,42.202709401636454,51.26270786501609,20.846890950594464,0.8363048651327583,0.7315409935160305,7.185534954071045
0.2,K-Means,32.08717766532316,42.110521018922604,22.619606574119125,0.8579823822464174,0.8696770217653156,0.4288661479949951
0.2,Spectral,31.968780872177273,40.927052927246336,22.8672094082928,0.8625519242841749,0.8545396512201492,0.8493187427520752
0.2,DBSCAN,44.90762380666943,55.82048782376143,20.17154632000083,0.839575861408617,0.8575580972160891,7.322753190994263
0.2,DBSCANR,14.958881082901009,22.86476881907316,27.924082577147246,0.895824241729995,0.9366226062141529,10.195269346237183
0.2,AR-DBSCAN,41.97093426962377,55.513864734358776,20.219389613422855,0.8469311228438398,0.8845836190628739,3.570502281188965
0.2,GB-DBSCAN,33.64945745793728,40.95226905156599,22.861859474400546,0.8593933388964504,0.8605982985064451,39.38623332977295
0.2,HDBSCAN,11.752768981209472,18.2788244798519,29.868453618596156,0.9165629664990573,0.9791400237822799,6.556295394897461
0.2,KNN-DBSCAN,44.90762380666943,55.82048782376143,20.17154632000083,0.839575861408617,0.8575580972160891,7.3313798904418945
0.2,K-Means,29.777981119120902,37.102997112780905,23.515555838124868,0.8606054977256653,0.8869713286391459,0.40496397018432617
0.2,Spectral,36.13583627248076,44.63546382962817,21.910134647040568,0.8450648146987482,0.9661694157264333,0.8902175426483154
0.2,DBSCAN,48.439176857659184,59.07761794311198,19.47527617133997,0.8337449961845633,0.9488481881365564,7.482761383056641
0.2,DBSCANR,14.773574693142118,23.865681517015833,27.34825887418279,0.8947139182579078,0.9831065759637189,10.070419549942017
0.2,AR-DBSCAN,44.694106822015584,60.180223504715116,19.314659762303076,0.8436147286539373,0.9594462591107791,7.614800930023193
0.2,GB-DBSCAN,31.140668492261398,37.690661083817126,23.379060590728614,0.859768192922295,0.9824731479929512,38.11151623725891
0.2,HDBSCAN,13.489944958933664,20.93584326279599,28.485926523622677,0.9073190491727551,0.9888665773187388,6.128978252410889
0.2,KNN-DBSCAN,48.439176857659184,59.07761794311198,19.47527617133997,0.8337449961845633,0.9488481881365564,7.456456661224365
0.2,K-Means,31.582087512466106,39.88381236880099,23.093715973196254,0.8377236314589686,0.9562169001591401,0.3714416027069092
0.2,Spectral,35.65245498146589,44.918084139808634,22.061224776274457,0.8303568685089845,0.913702664442085,1.0863256454467773
0.2,DBSCAN,50.159663846816706,59.49215281341228,19.62045556645554,0.8105462470697687,0.7959127691674668,7.0747528076171875
0.2,DBSCANR,17.737247141750068,25.974070035441493,26.818849118426176,0.8757828238252152,0.9563385250614123,10.194788694381714
0.2,AR-DBSCAN,50.955118225458364,64.73047572709383,18.88747328641919,0.8167443239029589,0.847772096420745,8.169196844100952
0.2,GB-DBSCAN,49.12072464600735,58.62944751492558,19.747333228666882,0.8132388892687189,0.8026891740774269,38.166600465774536
0.2,HDBSCAN,16.014476015369937,24.270502526633848,27.408073890728968,0.8911877948957623,0.9640132281332188,6.158151149749756
0.2,KNN-DBSCAN,50.159663846816706,59.49215281341228,19.62045556645554,0.8105462470697687,0.7959127691674668,6.942946195602417
0.2,K-Means,29.672720861630925,36.677523418211535,23.157108004815292,0.8440153396332758,0.9683653366391128,0.3693809509277344
0.2,Spectral,31.658183355032982,39.544916892979835,22.503294722553512,0.844566562844756,0.9640338187224372,0.9004421234130859
0.2,DBSCAN,56.734805097988655,67.91744536819346,17.805481224250798,0.8145285799224382,0.9065680796222084,7.9738733768463135
0.2,DBSCANR,12.779833552067615,20.407685193903518,28.249233140226515,0.9016199098168562,0.9761788518654135,10.125575304031372
0.2,AR-DBSCAN,56.68374902642336,67.93390499154313,17.80337647560869,0.8146225213206097,0.9065680796222084,7.990956783294678
0.2,GB-DBSCAN,53.70806924860424,65.74512657933109,18.087836748792544,0.8183212390606224,0.916939521425444,37.80669355392456
0.2,HDBSCAN,11.030550360582795,17.41247659780001,29.627897151079683,0.9141642614163029,0.976583909779032,6.2966742515563965
0.2,KNN-DBSCAN,56.734805097988655,67.91744536819346,17.805481224250798,0.8145285799224382,0.9065680796222084,7.846381425857544
0.2,K-Means,29.211037170073045,37.92204519151392,23.532227395241204,0.8490892999720647,0.925109565827149,0.42529916763305664
0.2,Spectral,30.239448830559848,38.739095154137,23.347072974024925,0.8469013341139502,0.901736213698535,0.9035792350769043
0.2,DBSCAN,43.5677377703587,54.021024259064575,20.458806137616396,0.8284896336188251,0.8442917958585486,7.179953336715698
0.2,DBSCANR,17.78235533747036,25.75245072448658,26.893691126921013,0.8768779791235738,0.9585715871059687,10.125103235244751
0.2,AR-DBSCAN,43.66294084292645,54.00459290163138,20.46144849157132,0.82822997523047,0.8442917958585486,7.95429539680481
0.2,GB-DBSCAN,37.856585247652724,47.72881148459716,21.53445002496963,0.8377672905606698,0.8498278786418972,38.46649622917175
0.2,HDBSCAN,15.45187839561255,23.443753582377195,27.70951946679751,0.8933582841829545,0.970793213854561,6.456202268600464
0.2,KNN-DBSCAN,43.5677377703587,54.021024259064575,20.458806137616396,0.8284896336188251,0.8442917958585486,7.143691062927246
0.2,K-Means,24.323192260274798,29.52778008143279,25.697273184426138,0.870647294458681,0.9079002793060766,0.442962646484375
0.2,Spectral,28.926402175437257,34.1880356618452,24.424406171113567,0.860642807235279,0.8904321661995218,0.9091997146606445
0.2,DBSCAN,35.933930986879076,41.305069587639004,22.781821973882682,0.8490229962553285,0.8460440513839523,6.8802454471588135
0.2,DBSCANR,13.061948580133176,18.380601877690477,29.81469456976744,0.897719447696546,0.9633773694783058,10.05742859840393
0.2,AR-DBSCAN,35.760524347436075,41.166491493179464,22.811012040174525,0.8494662841366083,0.8460440513839523,7.850879669189453
0.2,GB-DBSCAN,35.658054240786626,41.09675233822478,22.825739073057996,0.8492489399614692,0.8460440513839523,39.63065195083618
0.2,HDBSCAN,35.92066781372375,41.29521223982027,22.783895086317404,0.849059396287112,0.8460866742048521,6.0199034214019775
0.2,KNN-DBSCAN,35.933930986879076,41.305069587639004,22.781821973882682,0.8490229962553285,0.8460440513839523,6.732298374176025
0.2,K-Means,28.456330193452608,35.828146397301346,24.036000282737753,0.8405213523100185,0.9422870752579107,0.43736767768859863
0.2,Spectral,29.745898097974788,37.77194613881376,23.577099850468496,0.8379417817659928,0.9292408291207133,0.8965499401092529
0.2,DBSCAN,49.74752983662389,59.43569770285247,19.6395397818225,0.8144187233586611,0.8026242442433857,7.034950256347656
0.2,DBSCANR,17.7090065995377,26.912066712054234,26.521546071302765,0.8769725481128972,0.952739771300152,10.499731063842773
0.2,AR-DBSCAN,49.687300225066274,59.40365840866817,19.64422324341661,0.8144810866976951,0.8026242442433857,10.32840085029602
0.2,GB-DBSCAN,49.36678836192272,59.15977609650004,19.679956652197923,0.8147257437023896,0.8026242442433857,39.65694570541382
0.2,HDBSCAN,16.019477279089212,24.95930565747219,27.175837094108452,0.8897490970542001,0.9667886181551144,6.319566249847412
0.2,KNN-DBSCAN,49.74752983662389,59.43569770285247,19.6395397818225,0.8144187233586611,0.8026242442433857,7.094899654388428
0.2,K-Means,30.96180723005237,37.11141449208079,23.670529746940446,0.844171170148723,0.9476258445142259,0.3563699722290039
0.2,Spectral,34.46014365346587,44.50817991534387,22.09188320213624,0.8503314746796402,0.8951367497433025,1.000624179840088
0.2,DBSCAN,46.76697274189309,56.926549893917965,19.954382627914647,0.827609941989698,0.8152767865702325,7.500104665756226
0.2,DBSCANR,14.983226185079031,21.673398505967345,28.34213957308082,0.8903039342875825,0.9468804264944285,10.13751220703125
0.2,AR-DBSCAN,46.50480698498698,56.745271936648095,19.982086268801623,0.8277777763610743,0.8152767865702325,4.105197429656982
0.2,GB-DBSCAN,45.31656528992204,55.508656844204964,20.17346552598805,0.8289972119184655,0.8177374637414061,38.69446563720703
0.2,HDBSCAN,14.66057302393021,21.21457416041244,28.527993528520632,0.8965157664504536,0.955051469260339,6.068766117095947
0.2,KNN-DBSCAN,46.76697274189309,56.926549893917965,19.954382627914647,0.827609941989698,0.8152767865702325,7.4805686473846436
0.2,K-Means,26.061039367568497,32.3709446210018,24.909765507657703,0.862146247247929,0.9372465643680286,0.3233785629272461
0.2,Spectral,29.310955048974744,37.32953320745638,23.671821778308768,0.8535676503101592,0.9281235283912063,0.8794631958007812
0.2,DBSCAN,44.80737715093235,51.98073715655239,20.796024281816475,0.8314586505837773,0.8065604723456635,6.868701696395874
0.2,DBSCANR,16.500494751778284,23.95811943267654,27.523818452197993,0.8813299110997252,0.954213796399554,10.471809148788452
0.2,AR-DBSCAN,43.349274651601554,50.304397647338824,21.08075390239761,0.8326287065289272,0.8153164790551762,4.989059209823608
0.2,GB-DBSCAN,44.80737715093235,51.98073715655239,20.796024281816475,0.8314586505837773,0.8065604723456635,38.79685163497925
0.2,HDBSCAN,14.15794501581892,20.50305806042569,28.876500132954106,0.8957702982195461,0.9603601414475998,6.200000524520874
0.2,KNN-DBSCAN,44.80737715093235,51.98073715655239,20.796024281816475,0.8314586505837773,0.8065604723456635,6.81243109703064
0.2,K-Means,33.1754797452099,41.279138581326905,22.41044842246948,0.8398286973655745,0.9230558504263261,0.4178273677825928
0.2,Spectral,36.62596870073455,44.642753535847525,21.730041463311963,0.837229989636837,0.8405817174515235,0.9628195762634277
0.2,DBSCAN,49.115380289902376,58.37720353555382,19.400195198748445,0.8199959543432928,0.751926284013426,7.325361013412476
0.2,DBSCANR,16.0697721158819,23.30419101943007,27.376380309369623,0.8859170928516503,0.9600853744741303,10.436083555221558
0.2,AR-DBSCAN,48.676755869144145,58.97799897314242,19.311260267105588,0.8203414839946308,0.7698517333794415,5.847895622253418
0.2,GB-DBSCAN,32.41845541705925,40.08187263394572,22.666100865071726,0.8495770194469617,0.7978429714580102,40.14354920387268
0.2,HDBSCAN,13.475129374414534,20.367996251231176,28.546094810881485,0.8989749925713605,0.9707321793950119,6.298601865768433
0.2,KNN-DBSCAN,49.115380289902376,58.37720353555382,19.400195198748445,0.8199959543432928,0.751926284013426,7.275709867477417
0.2,K-Means,27.50087601309101,33.579181801809106,24.548997853135013,0.8566919905334153,0.9448360159471778,0.3435347080230713
0.2,Spectral,34.422314855984894,41.25450065574322,22.760973353639592,0.8395988028855748,0.8790747516989023,0.9284138679504395
0.2,DBSCAN,43.32302793505951,50.254706707159656,21.04686519466197,0.8310219390267762,0.8616212679605596,6.927074432373047
0.2,DBSCANR,15.328817707120516,21.603324426004523,28.379988295970932,0.8879716206804144,0.957997014838011,10.124216794967651
0.2,AR-DBSCAN,43.43373930942799,50.375086697659185,21.026083917556942,0.8309105926563889,0.8616212679605596,5.1091907024383545
0.2,GB-DBSCAN,43.254254365840545,50.18772693509348,21.058449521590124,0.8311435848272297,0.8616212679605596,38.46073532104492
0.2,HDBSCAN,13.590868554353628,19.956056917319245,29.06890537065065,0.8990025500212028,0.9610244271141553,6.143867254257202
0.2,KNN-DBSCAN,43.32302793505951,50.254706707159656,21.04686519466197,0.8310219390267762,0.8616212679605596,6.96755838394165
0.2,K-Means,22.430442503592925,28.89914972835108,25.741783743606497,0.874903669415682,0.9662472964328145,0.3594386577606201
0.2,Spectral,25.79851146012374,32.48085273305027,24.726936597418806,0.864806116017392,0.9407882621996495,0.8952193260192871
0.2,DBSCAN,43.90896662819103,50.93152910191798,20.81975074471192,0.8318187693335043,0.8330816491177262,7.6539306640625
0.2,DBSCANR,12.801163659753609,18.83059717883718,29.46220318377721,0.8975631532231001,0.9665271709406437,10.17443585395813
0.2,AR-DBSCAN,42.83186978786074,50.16930055538464,20.95072412053515,0.8335344057404439,0.8379656361678554,4.768311262130737
0.2,GB-DBSCAN,43.45939691872466,50.582655292255595,20.87945257567524,0.8328988263340792,0.8330816491177262,40.367491483688354
0.2,HDBSCAN,13.025636385444386,18.768114022417574,29.491072380788253,0.8976524603176321,0.9638437052651925,6.6020777225494385
0.2,KNN-DBSCAN,43.90896662819103,50.93152910191798,20.81975074471192,0.8318187693335043,0.8330816491177262,7.578508615493774
0.2,K-Means,26.770551079432387,34.86867782269573,24.259370012644368,0.8593222657733238,0.924450214510251,0.35430073738098145
0.2,Spectral,40.73042571145008,48.86507082622619,21.328108956498436,0.8364761875246977,0.8194996659328142,0.8543112277984619
0.2,DBSCAN,41.71588397422799,50.748152143630264,20.999674943832876,0.836985438100817,0.7991771212016372,7.30568528175354
0.2,DBSCANR,14.32645623345595,20.475707839894646,28.883301125389163,0.8883435499236275,0.9661987500409018,10.171006202697754
0.2,AR-DBSCAN,42.58217593816611,52.367023839569725,20.726921758855788,0.8372226813759424,0.8143521933440361,3.115656614303589
0.2,GB-DBSCAN,37.14729099783257,43.81764968224336,22.275098030219635,0.8445723948473921,0.8140445234816365,40.02783393859863
0.2,HDBSCAN,41.716449561069204,50.74995696806251,20.999366041411474,0.8369743123619293,0.7991898825808786,6.09177565574646
0.2,KNN-DBSCAN,41.71588397422799,50.748152143630264,20.999674943832876,0.836985438100817,0.7991771212016372,7.078151226043701
0.2,K-Means,30.999453804471177,37.858660827040964,23.340074798710518,0.8438543049218151,0.9446610345776268,0.4279189109802246
0.2,Spectral,37.120381269684835,44.980789498788795,21.842838273771413,0.8398949355334268,0.871916374595653,1.0724596977233887
0.2,DBSCAN,42.18266348724087,52.147468420684895,20.558715155486993,0.8352299815827324,0.8151795597448391,7.112997055053711
0.2,DBSCANR,16.195114502867604,27.896503620728826,25.992384254315958,0.8889946593347345,0.9487331272930017,10.147264003753662
0.2,AR-DBSCAN,44.5905860976872,54.28762756163643,20.20936249407441,0.8300134720588687,0.8144418560940464,6.484833478927612
0.2,GB-DBSCAN,42.18670251637534,52.1522990448251,20.557910584792076,0.8352212184760186,0.8151749085659837,37.66237282752991
0.2,HDBSCAN,14.836486145163008,26.012808340169208,26.599634928748294,0.9004051045716879,0.9564986773944671,5.921818256378174
0.2,KNN-DBSCAN,42.18266348724087,52.147468420684895,20.558715155486993,0.8352299815827324,0.8151795597448391,7.070116758346558
0.2,K-Means,31.495393598457664,39.427525543077934,23.169680302264943,0.8479207249734199,0.9292680115273775,0.3718559741973877
0.2,Spectral,32.06291630430775,39.99541508297731,23.045466570199068,0.8459636845617208,0.9066918804729293,0.8705008029937744
0.2,DBSCAN,44.27521585182515,53.24436275447826,20.56019806505823,0.8285413681899826,0.8386168165771917,7.192637205123901
0.2,DBSCANR,15.957429037041784,22.056482330329292,28.214945730872664,0.8859369827014157,0.9477305377135598,10.396125793457031
0.2,AR-DBSCAN,42.79906219455345,52.525774566322504,20.67822142946614,0.8331840031229143,0.8631323973531965,5.2405312061309814
0.2,GB-DBSCAN,43.9964434836641,53.092579532982995,20.584994211680755,0.829248031303209,0.838913391634712,38.26615381240845
0.2,HDBSCAN,14.598203806092858,20.641814266540866,28.790713417928316,0.89646756429564,0.9656577622460463,6.415616989135742
0.2,KNN-DBSCAN,44.27521585182515,53.24436275447826,20.56019806505823,0.8285413681899826,0.8386168165771917,7.256937265396118
0.2,K-Means,41.15901932431851,51.39287186160685,20.865641284866392,0.8378803209270806,0.913632835656707,0.380246639251709
0.2,Spectral,45.32102561555712,56.48246990044668,20.045425433220153,0.8353987457555607,0.870499186493433,0.9106042385101318
0.2,DBSCAN,53.431466345152444,64.25964462760426,18.924932635130144,0.8272255294531585,0.8368174992811578,7.058155298233032
0.2,DBSCANR,18.60794452537554,27.955927322504664,26.154220969153297,0.8797567332261088,0.9517854687714825,10.250378370285034
0.2,AR-DBSCAN,52.33068881796487,63.30558172980597,19.05485894484464,0.828363157098662,0.8468516513410581,6.896054267883301
0.2,GB-DBSCAN,41.97156247446385,51.352190419870894,20.8725195624956,0.8427220778151006,0.8595354128721373,39.42075276374817
0.2,HDBSCAN,15.827534813125585,25.54315258470353,26.938209070558045,0.8943791865289366,0.9686835552600713,6.386746883392334
0.2,KNN-DBSCAN,53.431466345152444,64.25964462760426,18.924932635130144,0.8272255294531585,0.8368174992811578,7.155604124069214
0.2,K-Means,29.406529407261278,36.22305268005266,23.900795948819574,0.8464738990745604,0.9281127853018116,0.3789207935333252
0.2,Spectral,29.914175403789574,37.13997521224832,23.6836647073387,0.8439844243254302,0.9005348663422557,0.8979966640472412
0.2,DBSCAN,46.85114879711741,56.30659864750816,20.069311030334298,0.8242725389749358,0.8308877869054376,7.02099347114563
0.2,DBSCANR,17.829589871439904,25.833909855234136,26.83669410196107,0.8719687469873337,0.9569387034983365,10.076018810272217
0.2,AR-DBSCAN,46.21166567923793,58.77292281963128,19.6969511177743,0.8271819764993827,0.8785922591239843,4.244777679443359
0.2,GB-DBSCAN,46.81497227018364,56.26632508901872,20.075525876456872,0.8243052950551147,0.8308877869054376,39.17510366439819
0.2,HDBSCAN,15.199405146063713,22.62216559598178,27.989813355711767,0.8870467949652067,0.9539536360749444,6.267608880996704
0.2,KNN-DBSCAN,46.85114879711741,56.30659864750816,20.069311030334298,0.8242725389749358,0.8308877869054376,6.966628551483154
0.2,K-Means,35.55802649960899,43.92827459359472,22.24494469690045,0.8364531763617776,0.8058614647665874,0.4094839096069336
0.2,Spectral,38.94830671352861,47.36315340257216,21.591015412741058,0.8313991001172051,0.7384417786741723,1.0092551708221436
0.2,DBSCAN,42.123936936812676,52.24746102942111,20.738523791943223,0.8309667174846035,0.7155711327376844,6.706128120422363
0.2,DBSCANR,15.395748776884538,21.683676670175466,28.377169150162302,0.8821037765368889,0.9427255211770902,10.381184577941895
0.2,AR-DBSCAN,42.10230154014565,52.21846381400091,20.74334577805587,0.8309398848782129,0.7155711327376844,6.167649507522583
0.2,GB-DBSCAN,35.350965944654796,42.54733924572669,22.522379484416764,0.8411501451856817,0.7361106943902708,39.02494406700134
0.2,HDBSCAN,13.149461312288176,18.732117674518243,29.64809005935553,0.8959051211059721,0.9501721896900586,6.312128067016602
0.2,KNN-DBSCAN,42.123936936812676,52.24746102942111,20.738523791943223,0.8309667174846035,0.7155711327376844,6.644254207611084
0.2,K-Means,32.872030042693844,41.55165100487138,21.99551100799884,0.8498490100118175,0.9177686057679828,0.42406296730041504
0.2,Spectral,30.203034341359977,38.32221738699935,22.698264097996855,0.8531482180415612,0.9778245155493843,0.9001319408416748
0.2,DBSCAN,52.4514694642341,63.88126427586416,18.259806646923387,0.82491027383752,0.9249061929511048,8.472323894500732
0.2,DBSCANR,12.716031798400484,19.848315118454586,28.412803774183377,0.9044417729601916,0.9912010535921686,10.361512899398804
0.2,AR-DBSCAN,53.501357036600034,71.36610063723282,17.29743733968621,0.8281714247443124,0.932814177520197,3.659186363220215
0.2,GB-DBSCAN,32.30848866716027,44.05498448541157,21.48737564792412,0.8615289340309058,0.9665108877384525,37.62605929374695
0.2,HDBSCAN,13.911819011714483,20.842437265032014,27.988306641421797,0.9026294555610275,0.9884289658452853,6.004810810089111
0.2,KNN-DBSCAN,52.4514694642341,63.88126427586416,18.259806646923387,0.82491027383752,0.9249061929511048,8.523212671279907
0.2,K-Means,31.69481777043114,37.548919983643245,23.58059386090719,0.8381528223196718,0.9466960952614513,0.3880176544189453
0.2,Spectral,35.876903122982675,43.5308389800816,22.296602109855197,0.8359716080298022,0.9188286723627115,0.8815665245056152
0.2,DBSCAN,51.612057592912294,61.054170448950835,19.35823616376942,0.8208062511224669,0.8627025580495171,7.219246864318848
0.2,DBSCANR,12.765752954445002,18.702004117661613,29.634779894205607,0.9008672942544556,0.9610161761944362,10.358533382415771
0.2,AR-DBSCAN,50.47764717851502,62.563698983048624,19.14609450364448,0.8256584149620062,0.8830031792614331,4.423419237136841
0.2,GB-DBSCAN,48.937670564278626,59.107629641303554,19.639671990996458,0.822556262978543,0.8754922309945491,39.611151456832886
0.2,HDBSCAN,51.61236388699794,61.05417212124371,19.358235925860182,0.820805501483106,0.8627025580495171,6.271234750747681
0.2,KNN-DBSCAN,51.612057592912294,61.054170448950835,19.35823616376942,0.8208062511224669,0.8627025580495171,7.2370100021362305
0.2,K-Means,29.580262735041735,36.99087385422291,23.73011088096581,0.830220666490622,0.9602275683832585,0.37958216667175293
0.2,Spectral,39.2546489460107,47.72692161666443,21.516734234809192,0.8156174429068423,0.9356956342738547,0.914154052734375
0.2,DBSCAN,49.290761098856905,57.61884719355108,19.88071140279828,0.8069885204707583,0.8826982041173894,7.3470752239227295
0.2,DBSCANR,16.35631091206392,24.577679053850023,27.281185326538136,0.8811249361936765,0.968032590188662,10.30672574043274
0.2,AR-DBSCAN,45.96012282617554,56.71786511771084,20.01760519146351,0.8153957885530866,0.8968261447763851,7.304994583129883
0.2,GB-DBSCAN,48.98845555028464,57.45681895601831,19.905171140753033,0.8082159547303503,0.8826982041173894,39.360915660858154
0.2,HDBSCAN,13.442690763174875,21.056680977371347,28.624204354217362,0.9031832691103658,0.9779636267091464,6.090193748474121
0.2,KNN-DBSCAN,49.290761098856905,57.61884719355108,19.88071140279828,0.8069885204707583,0.8826982041173894,7.3855507373809814
0.2,K-Means,32.1448285361027,39.51494320906668,23.099255703777885,0.8435126444031908,0.8210489014883061,0.33914732933044434
0.2,Spectral,36.10970033285338,43.464425949276034,22.2718039836891,0.8328968577865282,0.8092875844012677,0.937713623046875
0.2,DBSCAN,44.76939816569851,51.85627098674992,20.738457281943546,0.8228888480894533,0.7933955730393107,6.534825801849365
0.2,DBSCANR,17.006416615341113,23.317986626491454,27.68066196822133,0.8766097498173674,0.9459222937765546,10.260189294815063
0.2,AR-DBSCAN,43.86762992775753,51.10689418684741,20.864893160309563,0.8248869703671206,0.8039479889510207,6.836166858673096
0.2,GB-DBSCAN,42.46881134892406,48.92124156123554,21.24453353858815,0.8261408665097765,0.8025332062993891,39.040977001190186
0.2,HDBSCAN,14.173161235880139,20.126722636278625,28.959021712287583,0.8937619186043764,0.9637839419236762,6.382963180541992
0.2,KNN-DBSCAN,44.76939816569851,51.85627098674992,20.738457281943546,0.8228888480894533,0.7933955730393107,6.491156101226807
0.2,K-Means,29.722042818210035,36.47434162059443,23.078372240759055,0.8458377899707313,0.9163892986604794,0.35152626037597656
0.2,Spectral,46.88065571109562,55.14999411026904,19.487212061082463,0.8218779029873214,0.7414730598121602,0.9466021060943604
0.2,DBSCAN,48.70641490587698,57.64472901950961,19.102929429757605,0.8215599146724756,0.7111746031746031,6.866643667221069
0.2,DBSCANR,14.822332403292327,23.03437519638044,27.070592737350484,0.8867897015927176,0.9396476115896633,10.233651876449585
0.2,AR-DBSCAN,48.74529941157485,57.38083743316978,19.142783825393227,0.8204166842422784,0.7357062780269058,5.093769550323486
0.2,GB-DBSCAN,45.29997125796909,54.13064103695028,19.649258064749752,0.8250940250187995,0.7505852778059082,38.22533583641052
0.2,HDBSCAN,12.772683267898353,19.200021272192085,28.65208727160466,0.9022739146787602,0.9626152806799793,5.975130081176758
0.2,KNN-DBSCAN,48.70641490587698,57.64472901950961,19.102929429757605,0.8215599146724756,0.7111746031746031,6.892210006713867
0.2,K-Means,28.269219045981608,35.37034597295489,24.091571884907683,0.8460550621109677,0.9475484367349793,0.43442416191101074
0.2,Spectral,32.94184948739097,42.25320053227635,22.547165825717475,0.8376147189710734,0.9226822757354985,0.9764256477355957
0.2,DBSCAN,49.83353006373185,58.25826114461391,19.7572076833228,0.8173815230222694,0.7889413735534271,6.854369878768921
0.2,DBSCANR,18.086813862423938,26.456376394845403,26.61375082899912,0.8764386992282017,0.9485928335551284,10.124553680419922
0.2,AR-DBSCAN,49.8784861749876,58.42480531241296,19.732412564585523,0.8173227285760887,0.7930716490918568,6.541933059692383
0.2,GB-DBSCAN,49.83340529069641,58.26049327917053,19.756874894416597,0.8173806230273896,0.7889413735534271,39.470086097717285
0.2,HDBSCAN,15.07955139548309,22.47936846627128,28.028675921514083,0.8916703192958478,0.953542067517929,6.27784276008606
0.2,KNN-DBSCAN,49.83353006373185,58.25826114461391,19.7572076833228,0.8173815230222694,0.7889413735534271,6.829107999801636
0.2,K-Means,27.700941513367454,34.58305783543595,23.43253484514871,0.8361836888201826,0.9496483532241349,0.37487220764160156
0.2,Spectral,36.02835965388064,44.34184211090082,21.27352804013555,0.8268959462765084,0.8946318265559161,0.885664701461792
0.2,DBSCAN,49.392393785480905,59.80453697965056,18.67512001810589,0.8089804859661966,0.828854384119238,7.3102991580963135
0.2,DBSCANR,14.038909709933877,22.778556561331325,27.059278662451845,0.8892199070437027,0.9436096352553864,10.223413944244385
0.2,AR-DBSCAN,52.632872623133565,63.0950663510154,18.20989463669725,0.8027982300700646,0.830575321308401,6.452298641204834
0.2,GB-DBSCAN,49.388148828428825,59.77990110246924,18.678698820110448,0.8090095672643377,0.8332206658096547,38.001787424087524
0.2,HDBSCAN,14.270640590732297,23.241266283399725,26.884606932986976,0.8961842981836541,0.948490521575199,6.07477068901062
0.2,KNN-DBSCAN,49.392393785480905,59.80453697965056,18.67512001810589,0.8089804859661966,0.828854384119238,7.1850244998931885
0.2,K-Means,39.21137964536912,49.35175180160143,21.253276090896875,0.8276556940974422,0.7477025392986699,0.4167013168334961
0.2,Spectral,45.54750155803379,56.45309009355661,20.08557317193262,0.8163037892993577,0.8112198502774733,0.9430406093597412
0.2,DBSCAN,50.37698796191755,62.135035560385255,19.25259652845133,0.8156991096345259,0.7968266534081858,7.730013847351074
0.2,DBSCANR,15.083187746874286,22.80466899711018,27.958852093514253,0.8874773209442594,0.9529352919810169,10.158922910690308
0.2,AR-DBSCAN,48.481433157533026,62.52755770027656,19.197898239804974,0.8203666699516644,0.8444625198872502,6.539130210876465
0.2,GB-DBSCAN,38.65125551117272,48.44192167697039,21.41490028992561,0.8376722023296675,0.8172191004282496,39.114391803741455
0.2,HDBSCAN,50.36777895709362,62.126656069548964,19.253767980920436,0.815747433890162,0.7968266534081858,5.865407466888428
0.2,KNN-DBSCAN,50.37698796191755,62.135035560385255,19.25259652845133,0.8156991096345259,0.7968266534081858,7.7199296951293945
0.3,K-Means,36.20043934872053,45.89380424994489,19.626168375427955,0.7747588030929143,0.7919214878022941,0.3975358009338379
0.3,Spectral,35.75022837338064,44.115683697934706,19.96938926899873,0.7752005540568442,0.9187743627512619,1.0547797679901123
0.3,DBSCAN,45.397973334657536,56.0708114257964,17.886512733575636,0.7633687520496637,0.9046086372157182,6.423803329467773
0.3,DBSCANR,14.108427473293357,24.09180029939508,25.223864462243696,0.8459106858947474,0.9371753568482133,10.382113695144653
0.3,AR-DBSCAN,45.48591219551863,56.15802864557883,17.8730124729012,0.763196994153238,0.9045606465189482,7.224639177322388
0.3,GB-DBSCAN,33.0866530168342,40.22849374433415,20.770574117821287,0.787894119405491,0.9332724824863656,32.19905161857605
0.3,HDBSCAN,13.612052494309193,20.453832106589257,26.645755818637408,0.8539777299407658,0.9405690948230164,5.180903911590576
0.3,KNN-DBSCAN,45.397973334657536,56.0708114257964,17.886512733575636,0.7633687520496637,0.9046086372157182,6.21918249130249
0.3,K-Means,34.294676845154946,41.44294518163303,20.990479918134103,0.7446354394496766,0.9463884698013642,0.43942689895629883
0.3,Spectral,46.103128049749955,56.2486942192097,18.337243245555687,0.7308300775872117,0.7611520230235314,0.9242055416107178
0.3,DBSCAN,57.36991758987987,67.13271505209663,16.80080791096166,0.7134328360194618,0.7367461452619336,5.832495212554932
0.3,DBSCANR,17.971980998827686,25.948203934664292,25.05734609525124,0.8146090397490928,0.949056420638112,10.168768167495728
0.3,AR-DBSCAN,58.11320717364173,69.08355333227941,16.551998795066723,0.7142312808620408,0.7545839437209227,4.411179304122925
0.3,GB-DBSCAN,57.2737337610932,67.10434450274428,16.804479377919172,0.7143532588294997,0.7367461452619336,32.23324966430664
0.3,HDBSCAN,14.651361599831098,21.730059232725278,26.598273942864935,0.844991663939985,0.9541443516385937,5.286716461181641
0.3,KNN-DBSCAN,57.36991758987987,67.13271505209663,16.80080791096166,0.7134328360194618,0.7367461452619336,5.814864635467529
0.3,K-Means,29.554885949778047,37.17807091419295,21.8834403545187,0.7833829215400737,0.9178438299845971,0.36817407608032227
0.3,Spectral,29.47243073270697,36.45894219337219,22.053096103049604,0.7802692041958746,0.894579293290818,0.9050862789154053
0.3,DBSCAN,43.66369265326194,52.655377876134985,18.86032270807727,0.7614440397948139,0.7754955257897588,6.559774160385132
0.3,DBSCANR,15.756974986986316,22.774877368037263,26.140056440197,0.8364357210196055,0.9435597272024187,10.211511373519897
0.3,AR-DBSCAN,43.42990728597909,54.01779066988206,18.638441032800007,0.764264720739692,0.8067181981159117,6.240631818771362
0.3,GB-DBSCAN,43.45403769551947,52.494488290788496,18.88690325113952,0.7630401360308082,0.7767434462885692,33.05910086631775
0.3,HDBSCAN,13.352901791217391,20.105179334723786,27.22301835805044,0.8566379836782029,0.9526623032018398,5.435706377029419
0.3,KNN-DBSCAN,43.66369265326194,52.655377876134985,18.86032270807727,0.7614440397948139,0.7754955257897588,6.465137481689453
0.3,K-Means,30.291175021885753,38.32605085984307,21.650403485338934,0.7849285741174555,0.8705874537229963,0.34934163093566895
0.3,Spectral,35.79475502189995,43.50546897534748,20.54940782553752,0.779864921907756,0.6985204925979537,0.9408783912658691
0.3,DBSCAN,42.475545598718206,51.71592211272077,19.04779946286551,0.7655772979815972,0.6736625120680507,6.073378562927246
0.3,DBSCANR,14.306315097479798,20.365884297231364,27.142219474604275,0.8380800755854398,0.9202111088713372,10.144989252090454
0.3,AR-DBSCAN,40.20779487936833,49.76247153401702,19.38224607386118,0.7687295433910636,0.7249675906642393,7.579913139343262
0.3,GB-DBSCAN,38.810003653914286,47.53685825534337,19.779675406844547,0.7698796587359621,0.6906357422789348,34.161619424819946
0.3,HDBSCAN,14.62693953553722,21.165981006135937,26.807516875757145,0.8469137580137572,0.9232892811889795,5.3809826374053955
0.3,KNN-DBSCAN,42.475545598718206,51.71592211272077,19.04779946286551,0.7655772979815972,0.6736625120680507,6.057718276977539
0.3,K-Means,31.026284527746316,39.65624712574444,21.39309375130678,0.7907431684604765,0.8591687829599951,0.3844943046569824
0.3,Spectral,39.77587493258586,50.37653728123458,19.314759753202395,0.7742998734794408,0.8130497015330661,0.9711687564849854
0.3,DBSCAN,41.51324422194792,51.9602510151469,19.045901188408592,0.7750781522861309,0.805655723878862,6.206214904785156
0.3,DBSCANR,14.508835297273919,21.78360125061295,26.59673242459812,0.8484703560439583,0.9373344412409309,10.472282886505127
0.3,AR-DBSCAN,39.60430373806865,52.13499058687336,19.016740007980225,0.7832837659240947,0.8323074097273571,5.134002447128296
0.3,GB-DBSCAN,33.4788604326028,40.90646550028138,21.1234868741856,0.7959921440235161,0.8106896773187269,32.96666717529297
0.3,HDBSCAN,12.754792330370304,19.246873514208733,27.672122152369184,0.8683940188950713,0.9493649309946666,5.754109859466553
0.3,KNN-DBSCAN,41.51324422194792,51.9602510151469,19.045901188408592,0.7750781522861309,0.805655723878862,6.122007369995117
0.3,K-Means,29.778636567153775,37.59097595197922,21.685374446899417,0.8013684033489594,0.8774480493795362,0.36297130584716797
0.3,Spectral,34.440447938192996,41.417693684919016,20.84332823367803,0.7873419041954237,0.9614345326163033,0.947211503982544
0.3,DBSCAN,46.617269589961694,56.53419588123883,18.140822084127684,0.7671186364540356,0.9359162854469648,6.298401594161987
0.3,DBSCANR,14.528226118183738,22.970682646746354,25.963568434133283,0.851072679937301,0.9794840166703702,10.211392879486084
0.3,AR-DBSCAN,46.6481083196657,56.56093720512238,18.136714529964774,0.7670038627128397,0.9358476899994826,5.753942012786865
0.3,GB-DBSCAN,31.2258228196949,37.75212944475953,21.648217401663324,0.8038306856302201,0.9733916947250281,31.98431134223938
0.3,HDBSCAN,13.961904024901072,21.406700179985272,26.576051942204423,0.8624525318096296,0.9842285109469737,5.293808460235596
0.3,KNN-DBSCAN,46.617269589961694,56.53419588123883,18.140822084127684,0.7671186364540356,0.9359162854469648,6.4051642417907715
0.3,K-Means,31.11847149961565,39.11628863345534,21.506820113569553,0.7698944596535101,0.9371001510270488,0.35168027877807617
0.3,Spectral,45.012439991964925,53.87602026851958,18.726062802282144,0.7391817259885489,0.7790341871048911,0.9881305694580078
0.3,DBSCAN,50.45701941893347,59.593373842402364,17.850013486117362,0.7358258225027303,0.7447528975062688,5.779296398162842
0.3,DBSCANR,18.42025923401303,26.766160313933597,24.802251458708344,0.8200030425286545,0.9308233116310914,10.387559413909912
0.3,AR-DBSCAN,50.28656134580767,59.47235428680367,17.86767033637101,0.7361627911739743,0.7447528975062688,5.581480026245117
0.3,GB-DBSCAN,49.99053039701081,59.14913483144361,17.915005022303824,0.7362959706614388,0.745805775523722,32.65754437446594
0.3,HDBSCAN,16.36957232499998,24.81707266770119,25.458961907370128,0.8412262154331671,0.9394589980535312,5.4069530963897705
0.3,KNN-DBSCAN,50.45701941893347,59.593373842402364,17.850013486117362,0.7358258225027303,0.7447528975062688,5.72114372253418
0.3,K-Means,29.570292968124374,37.02727517509637,21.314450299940514,0.7817543751954058,0.9623866504866797,0.36419200897216797
0.3,Spectral,30.27334424916602,38.399002254491776,20.99848657337774,0.781390932425045,0.9568985451876577,0.8141047954559326
0.3,DBSCAN,54.91017549222493,65.56158741219072,16.351896164791544,0.7390668329904058,0.8789314557501744,6.453825235366821
0.3,DBSCANR,13.441618457984777,20.741745653456853,26.347979284627637,0.8495235601003216,0.9700097183697435,9.95628023147583
0.3,AR-DBSCAN,54.48336897400226,70.7849786321629,15.686063266742035,0.7501119535761447,0.8880554378075527,6.674140214920044
0.3,GB-DBSCAN,43.76381379486891,55.67185192775243,17.772172005083732,0.7643650834669767,0.9160208069838432,31.81067204475403
0.3,HDBSCAN,11.645656814341761,19.275716507421002,26.98467476464481,0.8710981517011581,0.9701671493166693,5.300494909286499
0.3,KNN-DBSCAN,54.91017549222493,65.56158741219072,16.351896164791544,0.7390668329904058,0.8789314557501744,6.457571744918823
0.3,K-Means,30.949497151276987,39.85633348920503,21.34352973371321,0.7767952827017934,0.8935594547296675,0.4636368751525879
0.3,Spectral,30.77092682409867,40.28719123870234,21.250136813211178,0.7785228697553135,0.8704831736353901,0.9472715854644775
0.3,DBSCAN,45.855015238616055,56.16208622709266,18.364611975998198,0.7486337023103621,0.7892504986113441,5.913840293884277
0.3,DBSCANR,17.443991206736843,26.496485505308662,24.889711156704028,0.8314960281997034,0.9433917873619941,10.136512279510498
0.3,AR-DBSCAN,45.70220113264088,56.17116250221776,18.3632083751031,0.7492680986601586,0.7926264261847044,7.650856971740723
0.3,GB-DBSCAN,40.62607799884864,50.46272307127885,19.294062970591874,0.7589539108808093,0.8009904127665813,32.936683177948
0.3,HDBSCAN,16.534987800137998,25.790470053842114,25.12429146303266,0.8402079237624704,0.945121846354928,5.392517328262329
0.3,KNN-DBSCAN,45.855015238616055,56.16208622709266,18.364611975998198,0.7486337023103621,0.7892504986113441,5.817813396453857
0.3,K-Means,24.495060833335113,30.265412748987476,23.733827759294147,0.8127044719595911,0.8667961090391787,0.3765439987182617
0.3,Spectral,27.9688385942845,34.17013372686633,22.67982621137059,0.8042396405006927,0.7159193002853821,0.9809749126434326
0.3,DBSCAN,36.513756689474285,41.69168688362967,20.951770431519115,0.7835367058799751,0.7870756092480733,5.599914312362671
0.3,DBSCANR,12.90116962797946,18.318466824148814,28.094977334219248,0.855920894398267,0.9449065663119647,10.22809910774231
0.3,AR-DBSCAN,36.20813775209719,41.45780413012897,21.000633872966294,0.7845618191934768,0.7915311663760284,7.673465967178345
0.3,GB-DBSCAN,36.218400989530714,41.47387670385304,20.997267135383964,0.7839564087648875,0.7870756092480733,33.12582015991211
0.3,HDBSCAN,12.825407282959622,18.950428151227463,27.800379249631725,0.8614733362051042,0.952577453788076,5.523959159851074
0.3,KNN-DBSCAN,36.513756689474285,41.69168688362967,20.951770431519115,0.7835367058799751,0.7870756092480733,5.537529468536377
0.3,K-Means,28.71739500413155,35.84181095235126,22.26545714160943,0.7684897800982687,0.91925536774783,0.3564422130584717
0.3,Spectral,30.36094178438754,38.10360935705851,21.733933716235818,0.7633727719763386,0.9036989917623486,0.9230325222015381
0.3,DBSCAN,49.262776366335366,59.09261788419205,17.922591432975892,0.732759820110985,0.7493457036625583,5.79543137550354
0.3,DBSCANR,18.457672514550293,27.084059352489945,24.69898090100045,0.8115120389753375,0.9209205843731564,10.10802412033081
0.3,AR-DBSCAN,48.79842025870383,59.754172944836235,17.82589124348571,0.7347724170643276,0.7709662305834865,4.27909517288208
0.3,GB-DBSCAN,48.907937640307416,58.84828948377749,17.958579159451865,0.7341514962115536,0.74982974802708,33.47595167160034
0.3,HDBSCAN,15.813143224283586,24.438834453992328,25.59164624734212,0.8380323840919643,0.9495908239392644,5.497159242630005
0.3,KNN-DBSCAN,49.262776366335366,59.09261788419205,17.922591432975892,0.732759820110985,0.7493457036625583,5.815250873565674
0.3,K-Means,30.68940836717806,36.490456282943356,22.10206709849469,0.7772569623647998,0.9187040165339373,0.36089277267456055
0.3,Spectral,32.65238586708031,42.209194835734834,20.837511619914267,0.7907503193684735,0.8450910176066846,0.8876345157623291
0.3,DBSCAN,46.3255265835064,55.91405353800665,18.395233417191697,0.7558577756228156,0.7550719419137486,6.345056056976318
0.3,DBSCANR,15.828524028216608,22.81466419720873,26.181371358440366,0.8365301208960573,0.9110783528280725,10.325300931930542
0.3,AR-DBSCAN,45.31108722478536,54.81982444825279,18.566900167387633,0.756099275728876,0.7663402619247868,4.868340015411377
0.3,GB-DBSCAN,45.935913434943366,55.51559780149153,18.457352561654286,0.7564714308847135,0.7555590655340405,32.82328462600708
0.3,HDBSCAN,14.954113121994876,21.26678893292895,26.79161455954551,0.8527757985237684,0.9372209928497423,5.468586444854736
0.3,KNN-DBSCAN,46.3255265835064,55.91405353800665,18.395233417191697,0.7558577756228156,0.7550719419137486,6.3188769817352295
0.3,K-Means,28.294071590338127,35.34014498408346,22.390868238413056,0.7898023120921852,0.9245274828852069,0.38281726837158203
0.3,Spectral,31.529579703923595,41.068079043936855,21.08614699125116,0.788593606167782,0.7385794339427745,0.8655960559844971
0.3,DBSCAN,46.43147342376061,55.005542060272155,18.548105798908065,0.7536518777586779,0.7546360459895762,5.6268181800842285
0.3,DBSCANR,17.091478557011495,25.846784190103335,25.108104442818096,0.829587564274366,0.936976204729123,10.046274662017822
0.3,AR-DBSCAN,45.40989166015955,54.427413273526355,18.639880886956412,0.7552626250609626,0.7684475210328325,8.34709119796753
0.3,GB-DBSCAN,46.34034290570534,54.94571707944855,18.55755786405726,0.7549480501536314,0.7546360459895762,32.63510298728943
0.3,HDBSCAN,15.479747129864297,23.71232736186008,25.856751135696094,0.8449047567265026,0.9372186760928719,5.372365236282349
0.3,KNN-DBSCAN,46.43147342376061,55.005542060272155,18.548105798908065,0.7536518777586779,0.7546360459895762,5.544925928115845
0.3,K-Means,32.74942571245292,39.885901547402106,20.974247972679283,0.7675103447632676,0.8962547262103064,0.4004037380218506
0.3,Spectral,31.844854268130984,39.52592383454135,21.052995642509266,0.7835745766464061,0.724153879776977,0.9947450160980225
0.3,DBSCAN,47.1699501070269,56.455777336688115,17.956468400018842,0.7452161475490895,0.6914863671219048,6.1329710483551025
0.3,DBSCANR,15.981379579747452,23.491261640090933,25.5725093919244,0.8313261015238385,0.933055632196284,10.060693979263306
0.3,AR-DBSCAN,46.38582051959308,56.659780889567884,17.92513841685777,0.7456723507558045,0.7193460765603384,5.205296039581299
0.3,GB-DBSCAN,33.7268430280473,41.538509112065235,20.62161813301018,0.7771676018382473,0.7360555607230335,34.15110468864441
0.3,HDBSCAN,14.026495429303296,20.72458617002772,26.660918885461804,0.8462508362431168,0.9388623610661487,5.410351991653442
0.3,KNN-DBSCAN,47.1699501070269,56.455777336688115,17.956468400018842,0.7452161475490895,0.6914863671219048,6.060272932052612
0.3,K-Means,29.13698264266967,35.82147142133368,22.23465948809993,0.7863373039577062,0.9302193366459345,0.40764355659484863
0.3,Spectral,37.56246933702789,45.04480380607766,20.24463391825797,0.7605273313443074,0.8659648924761528,0.9196615219116211
0.3,DBSCAN,46.87189773701252,54.772439989271255,18.54628614771112,0.7497005393058919,0.8141388187223191,5.552283048629761
0.3,DBSCANR,16.370067188799595,24.41972892554034,25.56271113795919,0.8301590502376496,0.9450779334350726,10.108846664428711
0.3,AR-DBSCAN,42.90821600307584,52.14801565311431,18.972772167492376,0.757894087848641,0.8337290164307406,4.818842649459839
0.3,GB-DBSCAN,46.54565675410388,54.57021731847514,18.5784142456876,0.7511086089488511,0.817673367224184,31.86937379837036
0.3,HDBSCAN,14.315704718053691,22.0925371144527,26.432616046574445,0.8490049354733518,0.9524545062426412,5.2118237018585205
0.3,KNN-DBSCAN,46.87189773701252,54.772439989271255,18.54628614771112,0.7497005393058919,0.8141388187223191,5.625781774520874
0.3,K-Means,23.033187759995958,29.533096367948733,23.87747022784685,0.8177615970671968,0.9412712194245682,0.31533336639404297
0.3,Spectral,24.78329398061491,31.790588198858003,23.237678609622478,0.81031902677108,0.915962984384037,0.8805649280548096
0.3,DBSCAN,43.00188560635089,49.65903228171944,19.36368483643758,0.7633817196365882,0.7913616757877362,6.428022146224976
0.3,DBSCANR,14.025573560687752,20.413310034635348,27.08538124579078,0.8469178352271225,0.9481900042303741,9.95065951347351
0.3,AR-DBSCAN,41.336745542435324,48.16033941255716,19.629859098820816,0.7667169303345158,0.7949937817083522,6.332529783248901
0.3,GB-DBSCAN,42.62943965786286,49.29463594365585,19.42765660708345,0.7643528345925006,0.791746740129461,34.83771300315857
0.3,HDBSCAN,12.581555479212447,18.137605774005777,28.112050715290138,0.8560267822107575,0.9580425917535116,5.565669536590576
0.3,KNN-DBSCAN,43.00188560635089,49.65903228171944,19.36368483643758,0.7633817196365882,0.7913616757877362,6.375969648361206
0.3,K-Means,25.615403795434226,33.97821111352003,22.687101232115786,0.8003139907583923,0.8982510052633299,0.3994002342224121
0.3,Spectral,40.07762067942916,48.16379231479054,19.656697939243767,0.7694143854752685,0.7729106300778364,0.9136900901794434
0.3,DBSCAN,42.06121458194249,50.559752611676565,19.23501263405527,0.7670165465726128,0.7450946336234703,5.719698190689087
0.3,DBSCANR,14.745284267576997,20.66843315375086,27.00496034784434,0.8357561644007935,0.9549353984954564,10.2613205909729
0.3,AR-DBSCAN,41.9161129412058,50.54396675820755,19.237724981000433,0.7677326637159937,0.7490197447844437,8.33205246925354
0.3,GB-DBSCAN,36.95549692892554,43.307961482203254,20.579756602704794,0.7790033279744185,0.7570989538914934,32.883169651031494
0.3,HDBSCAN,42.06048671041647,50.559694396485824,19.23502263511317,0.7670141634379928,0.7450946336234703,5.181569337844849
0.3,KNN-DBSCAN,42.06121458194249,50.559752611676565,19.23501263405527,0.7670165465726128,0.7450946336234703,5.810107231140137
0.3,K-Means,29.33003459859014,36.04437116602094,22.06568875386125,0.7810894404683619,0.9375953534434304,0.3623776435852051
0.3,Spectral,40.83699981702313,48.90306959244784,19.41571541398703,0.7572326221884136,0.8338325590461648,1.0375819206237793
0.3,DBSCAN,45.65569530660366,55.181177919136026,18.366618480149,0.7535560378375833,0.7519711148773119,5.709288120269775
0.3,DBSCANR,15.362981009273355,25.779113470702054,24.97707825481345,0.8421460901402245,0.9422602502327667,10.633016347885132
0.3,AR-DBSCAN,47.24429227819282,56.59208668455274,18.147323663431706,0.7485966607925894,0.7552393628258757,7.07385778427124
0.3,GB-DBSCAN,45.611526306745574,55.490741800396286,18.318027207352028,0.7548372008484526,0.7519289676733439,31.873888731002808
0.3,HDBSCAN,14.893456239057507,25.45397864606268,25.087324308722717,0.8547460327734543,0.9450547943326613,5.31455135345459
0.3,KNN-DBSCAN,45.65569530660366,55.181177919136026,18.366618480149,0.7535560378375833,0.7519711148773119,5.728612184524536
0.3,K-Means,34.11250552576793,42.55145279838328,20.77739515523136,0.7690955359244782,0.9095783446121811,0.36048316955566406
0.3,Spectral,37.285043645841014,46.58807194904983,19.990188253524074,0.7725352326712353,0.8451131014278845,0.8390400409698486
0.3,DBSCAN,46.4179434310391,56.63352229248446,18.29421153999197,0.752435735776174,0.7979969820170506,5.9633564949035645
0.3,DBSCANR,16.6171641131619,24.32463065667718,25.63475790978589,0.8299652260301343,0.9369927731131744,10.171509504318237
0.3,AR-DBSCAN,46.27390813366534,56.49599808427301,18.31532929386412,0.752736300252985,0.7979969820170506,4.015092134475708
0.3,GB-DBSCAN,46.45087234313497,56.644988619003975,18.2924531262162,0.7527268147998831,0.7979969820170506,32.4348304271698
0.3,HDBSCAN,15.162351445562432,22.10137841167719,26.467295794340366,0.847437055563511,0.9359671506085936,5.368410110473633
0.3,KNN-DBSCAN,46.4179434310391,56.63352229248446,18.29421153999197,0.752435735776174,0.7979969820170506,6.139432191848755
0.3,K-Means,41.08580418985149,51.97094726792414,19.041573963965156,0.7633566232522441,0.8568937303663358,0.37644100189208984
0.3,Spectral,42.848973004649196,53.04424601629724,18.86402100600887,0.7654455429974902,0.82254409301409,0.8482797145843506
0.3,DBSCAN,51.821791917503866,62.198888699342234,17.48113411310969,0.7505703991735987,0.770826591352613,5.847146511077881
0.3,DBSCANR,18.953004595482433,28.4210676032814,24.28397886551099,0.8167543740344804,0.9311754137933164,10.379091739654541
0.3,AR-DBSCAN,50.80773431131481,63.05004468328816,17.363078644648155,0.7532499173258924,0.795932419638201,2.9816746711730957
0.3,GB-DBSCAN,48.088074084620104,58.419761682938415,18.0255909988028,0.7575225788989207,0.7864342618509932,33.014628887176514
0.3,HDBSCAN,15.611469586740348,24.739456672966643,25.488983469714526,0.8445758092727152,0.9515305963887248,5.344554662704468
0.3,KNN-DBSCAN,51.821791917503866,62.198888699342234,17.48113411310969,0.7505703991735987,0.770826591352613,5.813469886779785
0.3,K-Means,29.48798938929077,36.73213552264004,22.038238788275706,0.7764040170271376,0.9028111635342045,0.3650321960449219
0.3,Spectral,32.467943274688686,40.15596659098526,21.26416066298087,0.7654534431397199,0.834066590917658,0.8981802463531494
0.3,DBSCAN,47.10485468581371,56.150859945525,18.352034111077348,0.7418292615637903,0.7816215290371983,5.87933349609375
0.3,DBSCANR,19.358128851816158,26.549036178777122,24.85818716124911,0.805023351974121,0.9255830155470812,10.294689416885376
0.3,AR-DBSCAN,47.13077118611893,56.178960270913244,18.347688402524852,0.7417892579173576,0.7783669619834047,6.199134588241577
0.3,GB-DBSCAN,47.04095352817347,56.081733069131666,18.36273382814127,0.7418867379140813,0.7816215290371983,32.963860273361206
0.3,HDBSCAN,15.7845319891265,23.254707370101784,26.008944770543593,0.8313976589073876,0.9425013883980411,5.311474323272705
0.3,KNN-DBSCAN,47.10485468581371,56.150859945525,18.352034111077348,0.7418292615637903,0.7816215290371983,5.949841737747192
0.3,K-Means,35.81361944664254,43.13485372981341,20.66049597230505,0.7551982916814463,0.7464882535066625,0.3898899555206299
0.3,Spectral,38.67579531933526,47.79586923173774,19.769255281199708,0.7644719346131226,0.6767767325958824,0.872713565826416
0.3,DBSCAN,40.26778310600578,50.757962037040805,19.246979034284276,0.762238949917359,0.6645073626998673,5.630481958389282
0.3,DBSCANR,15.811679917715756,21.547704122066047,26.689042496238585,0.8264788000036055,0.8648439429025219,10.400489330291748
0.3,AR-DBSCAN,41.73900995176464,52.264016106657536,18.99300698555995,0.7577822107731759,0.6944651500712379,4.512650966644287
0.3,GB-DBSCAN,35.16088158101056,42.524671450260755,20.78424322807689,0.7737352120088407,0.6856345716734359,33.12813115119934
0.3,HDBSCAN,14.162679149796125,20.11456773543469,27.286848486700464,0.8404396177176007,0.9227323406585431,5.4215357303619385
0.3,KNN-DBSCAN,40.26778310600578,50.757962037040805,19.246979034284276,0.762238949917359,0.6645073626998673,5.542119741439819
0.3,K-Means,34.50094761165134,43.71564843536751,19.836754617537178,0.780643704829112,0.8839573080836396,0.38128089904785156
0.3,Spectral,37.822909225336176,49.782970323048154,18.707877002633133,0.7861653940781986,0.9357807136780136,0.9978060722351074
0.3,DBSCAN,54.258440874556136,65.30173228809441,16.350999067996245,0.7449514675388724,0.8934971266373514,6.8489038944244385
0.3,DBSCANR,11.965461106919305,18.936483973291768,27.103506218247674,0.8666112716885225,0.9796732178461379,10.280271768569946
0.3,AR-DBSCAN,54.0098057249696,72.36516044428494,15.458902524213855,0.7549041788238594,0.9033713468450667,7.471453666687012
0.3,GB-DBSCAN,28.402513940778178,38.74163157393177,20.885934976103986,0.813914178958713,0.9667585282663348,32.13846158981323
0.3,HDBSCAN,12.906620312365568,19.297779881576556,26.939346143955106,0.8637305584326694,0.9854239757772416,5.287041425704956
0.3,KNN-DBSCAN,54.258440874556136,65.30173228809441,16.350999067996245,0.7449514675388724,0.8934971266373514,6.888484001159668
0.3,K-Means,30.554450749187463,36.56787019790714,22.078213459854457,0.7685412249784014,0.9372660902769491,0.41724371910095215
0.3,Spectral,32.70092806199183,39.99047515830412,21.301075506742006,0.7689602057303143,0.8899828258497964,0.8813600540161133
0.3,DBSCAN,49.632028714791765,58.83265403397511,17.94783798312332,0.7483190984807977,0.8319968292593002,6.058342218399048
0.3,DBSCANR,12.637547054002074,18.741959588397812,27.883906851636034,0.8571995600258165,0.9548719266133607,10.025420188903809
0.3,AR-DBSCAN,47.65997601287164,62.74507945758248,17.3886133217572,0.7600321383649579,0.8675656453039099,4.01110053062439
0.3,GB-DBSCAN,49.40058325447922,58.69220925059621,17.968597649380765,0.7480536379754436,0.8347629066191941,33.36425495147705
0.3,HDBSCAN,49.63210070901454,58.83086381861152,17.94810228956871,0.7483176282123556,0.8319968292593002,5.162912607192993
0.3,KNN-DBSCAN,49.632028714791765,58.83265403397511,17.94783798312332,0.7483190984807977,0.8319968292593002,6.349583148956299
0.3,K-Means,29.741810295994338,38.11016053056116,21.73668855560787,0.7559385315888235,0.9503864903909798,0.3635995388031006
0.3,Spectral,29.847561060260816,37.4847922841233,21.880401946171382,0.7564588197026859,0.9394808627914171,0.9110360145568848
0.3,DBSCAN,49.548366915397665,57.653946877412906,18.140923246372044,0.7247942958743645,0.8406350452727407,6.147202730178833
0.3,DBSCANR,15.999530519832216,24.340405966285022,25.630947770082486,0.8334349355798972,0.9519243459748546,10.441438436508179
0.3,AR-DBSCAN,49.60724109060637,57.69438706850649,18.134832841089946,0.7246420930814366,0.8406350452727407,7.612292289733887
0.3,GB-DBSCAN,49.52167273591769,57.6930613676818,18.13503242763446,0.725392493510041,0.8406350452727407,33.38387084007263
0.3,HDBSCAN,13.876836605345176,22.057814710436787,26.486254433490842,0.8561474562423366,0.9645812397714548,5.451066017150879
0.3,KNN-DBSCAN,49.548366915397665,57.653946877412906,18.140923246372044,0.7247942958743645,0.8406350452727407,6.237884759902954
0.3,K-Means,32.15850545132505,40.66211045883988,21.13494246271705,0.7754901056582869,0.7537343448773248,0.33715200424194336
0.3,Spectral,38.137102049519676,45.967329483460915,20.069755303997653,0.7569680856277133,0.7054008484716632,0.926875114440918
0.3,DBSCAN,44.00502319058637,52.384300235402634,18.934717841396488,0.7491110902989428,0.7340937636172558,5.394107341766357
0.3,DBSCANR,17.450332406349396,24.23904469902842,25.628430787180577,0.8199390197865082,0.9225526846858768,10.0223867893219
0.3,AR-DBSCAN,43.84903879727951,52.50558473366001,18.91463079036217,0.7510023685491171,0.7419289655708401,3.403733968734741
0.3,GB-DBSCAN,39.72960997583431,46.63967641932631,19.9436302049562,0.7602730574441258,0.7507064923898056,33.38911724090576
0.3,HDBSCAN,14.433312595021604,20.718418657086687,26.9916086862804,0.8443791284095584,0.9356596659851844,5.317444801330566
0.3,KNN-DBSCAN,44.00502319058637,52.384300235402634,18.934717841396488,0.7491110902989428,0.7340937636172558,5.37053108215332
0.3,K-Means,29.523602088704354,36.40806465306099,21.3402183302804,0.7804841907736654,0.8860023095862355,0.39368271827697754
0.3,Spectral,45.01495815666748,53.514721372844114,17.99470483273551,0.7481754617489836,0.6813315164492895,0.9285950660705566
0.3,DBSCAN,49.001673465994294,57.76713223594446,17.330554041218655,0.7458746827911443,0.5865079365079365,5.785785675048828
0.3,DBSCANR,15.096202357850315,22.5368823659373,25.50629344767051,0.834250647984385,0.9236318736361447,10.33447813987732
0.3,AR-DBSCAN,48.974654731409146,57.724452264278106,17.33697379105809,0.745853511354035,0.5865079365079365,7.195389032363892
0.3,GB-DBSCAN,44.97304850208562,53.7733355320768,17.95283067709632,0.7540459410782241,0.6858859905064669,31.816045999526978
0.3,HDBSCAN,13.320012166659973,20.172222753433445,26.46909509964875,0.8526819446660219,0.9484120524328892,5.0099897384643555
0.3,KNN-DBSCAN,49.001673465994294,57.76713223594446,17.330554041218655,0.7458746827911443,0.5865079365079365,5.817436456680298
0.3,K-Means,27.335736107070588,34.849670386704496,22.49568355741358,0.7802790177023479,0.9288338210572193,0.3615283966064453
0.3,Spectral,30.342624939383345,39.290475923894654,21.45391126537217,0.7731520526850075,0.8982838092281528,0.9485220909118652
0.3,DBSCAN,50.720027650633455,58.64190998849452,17.975494914187454,0.7326455772166014,0.7186119775582971,5.6003098487854
0.3,DBSCANR,17.634581405080326,26.18169060717196,24.979703325384158,0.8233914114453246,0.934863406337274,10.28040623664856
0.3,AR-DBSCAN,50.7446058452945,58.758516798391376,17.958240560986305,0.7322598485430477,0.7223120663571392,8.909987926483154
0.3,GB-DBSCAN,50.70981430794079,58.61674994660726,17.979222354883035,0.733015602197111,0.7186119775582971,32.56436252593994
0.3,HDBSCAN,15.230272160225747,22.754769019059474,26.198208426195894,0.8431742887549993,0.9415059981373107,5.32122278213501
0.3,KNN-DBSCAN,50.720027650633455,58.64190998849452,17.975494914187454,0.7326455772166014,0.7186119775582971,5.628855466842651
0.3,K-Means,27.561243006016724,34.64060246533346,21.7022664963098,0.7709348616198636,0.9400806159888377,0.3469669818878174
0.3,Spectral,33.922290611429524,42.395418298652686,19.947596735870185,0.7610883570666234,0.8645362758893086,0.9425680637359619
0.3,DBSCAN,47.54334158126474,57.474516753653916,17.304468660431873,0.73195511549068,0.7756997298021987,6.2481114864349365
0.3,DBSCANR,16.420822356325072,26.070966606933528,24.17083256120695,0.828303745810613,0.9191890422309107,9.921738862991333
0.3,AR-DBSCAN,56.6675933641031,75.01225877544968,14.991330365083893,0.7316681214530626,0.8124126619295037,7.121804714202881
0.3,GB-DBSCAN,47.282146153884156,57.294903539910706,17.3316553765761,0.7338091629300905,0.7761782808046594,32.23866629600525
0.3,HDBSCAN,14.413200437384589,23.153222715213236,25.201746241500075,0.8477506755190398,0.9289425833295586,5.204883813858032
0.3,KNN-DBSCAN,47.54334158126474,57.474516753653916,17.304468660431873,0.73195511549068,0.7756997298021987,6.261613130569458
0.3,K-Means,39.071907300567986,50.05649582473403,19.360739847174678,0.7616590713648721,0.6941042782364817,0.3739356994628906
0.3,Spectral,44.31696771438092,55.573457227587376,18.452600421204618,0.7485121330868406,0.7848891678912652,0.982759952545166
0.3,DBSCAN,51.29038925240447,63.243726431083566,17.32959969524877,0.7411681100107966,0.7542056928770503,6.268197774887085
0.3,DBSCANR,15.613769753094306,23.001137954639713,26.114962268050267,0.8363835593170669,0.9240762671719565,10.110958099365234
0.3,AR-DBSCAN,51.08731628743071,62.87270522724878,17.3807057800726,0.7412619868252175,0.7542056928770503,3.8174030780792236
0.3,GB-DBSCAN,40.254738448136344,50.816983207117275,19.229771138894833,0.7696028173685239,0.7788556357133758,32.897221088409424
0.3,HDBSCAN,14.547353430242078,22.797385071855544,26.192248023689686,0.8467312222927666,0.9401152267269222,5.213854074478149
0.3,KNN-DBSCAN,51.29038925240447,63.243726431083566,17.32959969524877,0.7411681100107966,0.7542056928770503,6.1996564865112305
